HandRight.X;HandRight.Y;HandRight.Z;HipCenter.X;HipCenter.Y;HipCenter.Z;ElbowRight.X;ElbowRight.Y;ElbowRight.Z;;Hand Rechts;X [m];Y [m];Z [m]
-0.01412013;-0.139145;3.472281;-0.1589866;-0.4512777;3.678963;0.01967824;-0.3093737;3.60863;;Nullpunkt;-0.027163941;-0.131346213;3.418776719
-0.02534235;-0.09726316;3.432465;-0.1585724;-0.4495071;3.678231;0.01900657;-0.3232552;3.61081;;Max Abw. [m];0.050729211;0.068552923;0.075272719
-0.0217362;-0.1089742;3.436029;-0.1580667;-0.4512544;3.677645;0.009468399;-0.3358533;3.61533;;Std. Abw [m];0.009013788;0.023089117;0.023075577
-0.01532089;-0.1412269;3.457759;-0.1564799;-0.4515807;3.676417;0.000928734;-0.3398651;3.623847;;;;;
-0.01466158;-0.1409239;3.456722;-0.1560438;-0.4515353;3.676425;0.008448578;-0.3355529;3.619919;;Hüfte;X [m];Y [m];Z [m]
-0.01885772;-0.11611;3.433764;-0.1559459;-0.450483;3.676209;0.007293634;-0.3379885;3.620052;;Nullpunkt;-0.15160071;-0.448803343;3.664575843
-0.01501524;-0.1411882;3.451154;-0.1557093;-0.4512264;3.675751;0.007082134;-0.3393463;3.625484;;Max Abw. [m];0.00738589;0.011579843;0.014387157
-0.01310401;-0.1396037;3.445227;-0.1544778;-0.4485596;3.67625;0.0478074;-0.3128026;3.587832;;Std. Abw [m];0.001696386;0.004027577;0.003543024
-0.01294539;-0.1396296;3.446045;-0.1543056;-0.44874;3.675736;0.0461879;-0.3092493;3.612205;;;;;
-0.01247641;-0.1388547;3.444518;-0.1538893;-0.4524641;3.674323;0.04541056;-0.3089179;3.611105;;Ellb. Rechts;X [m];Y [m];Z [m]
-0.02143508;-0.09521228;3.410217;-0.1534809;-0.4529667;3.673927;0.02382322;-0.3141521;3.59827;;Nullpunkt;0.022408825;-0.334039784;3.588425953
-0.01237121;-0.1389567;3.444962;-0.153372;-0.452657;3.673692;0.03001321;-0.3186636;3.594665;;Max Abw. [m];0.059163445;0.047490084;0.045077047
-0.01228436;-0.1384774;3.44259;-0.1531184;-0.4525104;3.673469;-0.03675462;-0.3605076;3.633503;;Std. Abw [m];0.007160364;0.010197036;0.010269327
-0.01229779;-0.1387456;3.442162;-0.1530386;-0.4521376;3.673104;0.04313971;-0.3007346;3.606008;;;;;
-0.01952968;-0.1139869;3.4254;-0.1529336;-0.4549765;3.671644;0.04429996;-0.3381401;3.60125;;;;;
-0.01388281;-0.1385087;3.443235;-0.152652;-0.4554177;3.670901;0.04046126;-0.2865497;3.5958;;;;;
-0.01985118;-0.1121311;3.423837;-0.1522448;-0.4546427;3.671023;0.01884352;-0.3347301;3.610038;;;;;
-0.01475009;-0.1403014;3.444024;-0.1514819;-0.4529656;3.671211;0.02000687;-0.3378924;3.609012;;;;;
-0.01520298;-0.1415784;3.449472;-0.1514474;-0.4530303;3.671167;0.04084367;-0.315144;3.590229;;;;;
-0.02198729;-0.08386103;3.38074;-0.1516839;-0.4530421;3.671007;0.0152339;-0.3507931;3.615865;;;;;
-0.02375458;-0.08461946;3.377238;-0.1513584;-0.4547353;3.670191;0.01455766;-0.3501602;3.615283;;;;;
-0.02922246;-0.07464296;3.382295;-0.1512647;-0.4545214;3.669987;0.01145554;-0.3485237;3.618344;;;;;
-0.02911093;-0.08151801;3.387669;-0.1512483;-0.4545162;3.670014;0.01088247;-0.3449872;3.61821;;;;;
-0.01810862;-0.1411099;3.440661;-0.1514973;-0.4556888;3.669448;0.04532893;-0.3199126;3.585406;;;;;
-0.01242734;-0.0791177;3.388257;-0.1514821;-0.4550993;3.669137;0.008694723;-0.3537345;3.618787;;;;;
-0.03264263;-0.1438223;3.467088;-0.151661;-0.4546926;3.668955;0.01649121;-0.3298603;3.605744;;;;;
-0.02720405;-0.1463498;3.46387;-0.1518595;-0.4544851;3.668055;0.02956577;-0.332717;3.600749;;;;;
-0.03427052;-0.1130282;3.436577;-0.1518558;-0.4542469;3.6681;0.02363116;-0.345042;3.608475;;;;;
0.01196071;-0.1092877;3.425889;-0.1518353;-0.4542209;3.668077;0.03711367;-0.3320459;3.596187;;;;;
0.01297693;-0.1071701;3.414194;-0.1518508;-0.4542856;3.668042;0.03419465;-0.3270818;3.591689;;;;;
0.02356527;-0.09283723;3.423592;-0.151771;-0.4548863;3.667848;0.04328014;-0.304366;3.609435;;;;;
0.02304617;-0.09444886;3.42327;-0.151774;-0.4548032;3.667956;0.04188982;-0.3066819;3.608462;;;;;
0.01896153;-0.1033949;3.411475;-0.1517093;-0.4540992;3.66815;0.01528262;-0.342968;3.601344;;;;;
-0.01613322;-0.1464977;3.452015;-0.1515337;-0.4550939;3.668231;0.02824378;-0.3157757;3.568298;;;;;
-0.02268832;-0.1375882;3.378295;-0.1518211;-0.4543855;3.66923;0.0310681;-0.3421434;3.592553;;;;;
-0.02040674;-0.1478035;3.446364;-0.1515953;-0.4540732;3.669132;0.02105031;-0.3405768;3.59935;;;;;
-0.02046977;-0.1477134;3.446188;-0.1517773;-0.4539238;3.669044;0.02260215;-0.3329823;3.585783;;;;;
-0.02046754;-0.147762;3.446468;-0.1519987;-0.4536901;3.668994;0.02288834;-0.3332317;3.595308;;;;;
-0.02821295;-0.1148828;3.409609;-0.1522062;-0.4535538;3.668756;0.02649646;-0.3306311;3.601443;;;;;
-0.02997287;-0.1121263;3.404472;-0.153181;-0.4527326;3.669201;0.02736909;-0.3115649;3.575983;;;;;
-0.03054858;-0.1130125;3.40464;-0.1530677;-0.4522499;3.669248;0.02869864;-0.315069;3.58316;;;;;
-0.02980525;-0.1141556;3.404981;-0.152798;-0.4527003;3.66883;0.02815067;-0.3150314;3.582465;;;;;
-0.02968848;-0.1154235;3.404636;-0.1531742;-0.4535863;3.668487;0.03011476;-0.3225573;3.580776;;;;;
-0.03161332;-0.1125257;3.399873;-0.1532735;-0.4533604;3.668436;0.02984389;-0.3242106;3.581029;;;;;
-0.03072084;-0.1123917;3.399936;-0.1537892;-0.452673;3.668449;0.02958987;-0.3200651;3.579458;;;;;
-0.02279982;-0.1466695;3.458251;-0.1547767;-0.4555383;3.667186;0.02745001;-0.3207198;3.578069;;;;;
-0.02301847;-0.1462871;3.457982;-0.1551296;-0.4547039;3.667031;0.02968511;-0.3224935;3.578724;;;;;
-0.02225642;-0.1489838;3.449138;-0.1556529;-0.4534335;3.667126;0.02064295;-0.3264019;3.594641;;;;;
-0.03819505;-0.1167923;3.377175;-0.1556186;-0.4533078;3.667193;0.02131032;-0.3259221;3.596827;;;;;
-0.04281127;-0.1079491;3.397404;-0.1550627;-0.4524436;3.66745;0.02073601;-0.3255536;3.598238;;;;;
-0.04290471;-0.1083168;3.39824;-0.1552015;-0.4523776;3.667775;0.02056764;-0.3251336;3.595552;;;;;
-0.02172372;-0.1473919;3.450725;-0.1543544;-0.4537316;3.667817;0.01377535;-0.332093;3.590688;;;;;
-0.02231088;-0.1453882;3.453762;-0.1538462;-0.452024;3.667693;0.02013318;-0.3179301;3.579383;;;;;
-0.02962366;-0.09229375;3.413311;-0.1536886;-0.451348;3.667785;0.02123915;-0.3271191;3.591395;;;;;
-0.02206582;-0.1698385;3.422022;-0.1552114;-0.4526498;3.667523;0.02072057;-0.3326024;3.588647;;;;;
-0.02325274;-0.1472522;3.443401;-0.1549062;-0.4521592;3.667722;0.02658547;-0.3288899;3.587737;;;;;
-0.05312897;-0.09540051;3.424958;-0.1549419;-0.4520851;3.667136;0.02550307;-0.3211503;3.586994;;;;;
-0.05480716;-0.09601985;3.429367;-0.1545226;-0.4510181;3.666935;0.02770258;-0.3233882;3.587183;;;;;
-0.02340755;-0.1463716;3.449468;-0.1550281;-0.4520828;3.666619;0.02580298;-0.322717;3.5845;;;;;
-0.02344845;-0.1467006;3.448415;-0.1547784;-0.4516673;3.66686;0.02263718;-0.3238818;3.582333;;;;;
-0.02357641;-0.1471879;3.446199;-0.154462;-0.4507482;3.666583;0.02120664;-0.3276129;3.583738;;;;;
-0.03560788;-0.1012817;3.416924;-0.1547153;-0.4498368;3.666972;0.01891996;-0.3202689;3.592274;;;;;
-0.02674429;-0.1478315;3.443405;-0.1546737;-0.4498789;3.666771;0.01824036;-0.3213888;3.591997;;;;;
-0.02676421;-0.1478262;3.443412;-0.1543827;-0.4500794;3.666465;0.02841326;-0.3198568;3.582146;;;;;
-0.02629667;-0.1448585;3.445146;-0.1545828;-0.4507669;3.666008;0.02318476;-0.3185088;3.581644;;;;;
-0.02490503;-0.153036;3.436872;-0.1547327;-0.4507825;3.665616;0.02006663;-0.3213947;3.581449;;;;;
-0.02498593;-0.1529669;3.436954;-0.1547312;-0.450084;3.665427;0.01635293;-0.330149;3.583268;;;;;
-0.02529993;-0.1521953;3.438527;-0.1547131;-0.4501678;3.665483;0.01559719;-0.3311507;3.582424;;;;;
-0.05145162;-0.08927141;3.410449;-0.1544247;-0.4502462;3.664891;0.01493248;-0.3338354;3.584985;;;;;
-0.0267849;-0.1489677;3.430126;-0.152127;-0.4419104;3.665941;0.01481079;-0.3337598;3.585051;;;;;
-0.03278322;-0.09784354;3.411636;-0.1524105;-0.4471766;3.665074;0.01398331;-0.3300303;3.581372;;;;;
-0.03359326;-0.1052278;3.408127;-0.1525954;-0.4406155;3.666966;0.01375583;-0.3295355;3.581367;;;;;
-0.02617374;-0.1416354;3.436468;-0.1526745;-0.4414586;3.666762;0.01367927;-0.329646;3.581589;;;;;
-0.02839551;-0.1424321;3.450434;-0.1527077;-0.4429637;3.666265;0.01406139;-0.3306316;3.58177;;;;;
-0.02517466;-0.1468471;3.447737;-0.1526703;-0.4429959;3.666016;0.02130667;-0.3337941;3.585275;;;;;
-0.02985226;-0.1431775;3.434214;-0.1530108;-0.4435414;3.665235;0.02178268;-0.3391086;3.587415;;;;;
-0.02711368;-0.1447349;3.439189;-0.1530794;-0.4444854;3.665147;0.02149795;-0.3396298;3.586643;;;;;
-0.02744339;-0.1430067;3.443268;-0.1530823;-0.4440769;3.66491;0.01780871;-0.348688;3.58996;;;;;
-0.02787194;-0.148851;3.433187;-0.153028;-0.444309;3.664818;0.01642614;-0.3379633;3.581251;;;;;
-0.02850055;-0.1487062;3.436072;-0.1531145;-0.4468538;3.663497;0.01767754;-0.3330996;3.57738;;;;;
-0.02920146;-0.1476073;3.436691;-0.1531021;-0.446871;3.66349;0.0249389;-0.3269702;3.574522;;;;;
-0.02834412;-0.1487675;3.430446;-0.1532155;-0.4475484;3.663343;0.02480522;-0.3269171;3.573963;;;;;
-0.03115257;-0.09642372;3.388581;-0.1531989;-0.4475234;3.663388;0.02271277;-0.3281458;3.574041;;;;;
-0.0330102;-0.09858769;3.387084;-0.153181;-0.4475309;3.663425;0.02111709;-0.3274634;3.578541;;;;;
-0.02504101;-0.1427041;3.444775;-0.1532041;-0.4475344;3.663449;0.01809321;-0.3285394;3.579525;;;;;
-0.02614357;-0.1452623;3.442815;-0.1531994;-0.4474406;3.663486;0.02042849;-0.3274985;3.574837;;;;;
-0.0322905;-0.09867703;3.383585;-0.1531593;-0.4474863;3.663546;0.01905387;-0.3275241;3.575222;;;;;
-0.02377732;-0.1555989;3.422026;-0.1530299;-0.448186;3.663406;0.01854753;-0.3284976;3.575437;;;;;
-0.02512692;-0.1539647;3.431973;-0.153016;-0.4481837;3.663401;0.0182006;-0.328936;3.575277;;;;;
-0.03466485;-0.09587212;3.413878;-0.1529658;-0.4481124;3.663605;0.02249293;-0.3280517;3.571801;;;;;
-0.02718662;-0.1372526;3.431447;-0.152784;-0.4479692;3.663356;0.02116868;-0.3268201;3.57481;;;;;
-0.02317651;-0.09916812;3.41116;-0.1527173;-0.4480307;3.663312;0.02104843;-0.3249871;3.578865;;;;;
-0.02570178;-0.139888;3.435926;-0.152803;-0.4478401;3.663166;0.01811894;-0.3354177;3.589543;;;;;
-0.03902939;-0.08609515;3.397181;-0.1528293;-0.4478178;3.663152;0.0176429;-0.3346286;3.588848;;;;;
-0.02779651;-0.1642218;3.428266;-0.1527534;-0.448377;3.66326;0.01770895;-0.336317;3.587011;;;;;
-0.02529729;-0.156243;3.433581;-0.1528298;-0.4485025;3.663105;0.01910451;-0.3393281;3.58703;;;;;
-0.01986849;-0.06467165;3.344527;-0.152766;-0.4486487;3.663145;0.01931934;-0.3322898;3.585141;;;;;
-0.02078518;-0.06279329;3.344775;-0.1526688;-0.4486353;3.663178;0.02322069;-0.3288775;3.592752;;;;;
-0.02459027;-0.1359516;3.449062;-0.152412;-0.4486272;3.663285;0.02151333;-0.3278147;3.590419;;;;;
-0.02082115;-0.1005091;3.411252;-0.1518723;-0.4519601;3.662669;0.02051369;-0.3293292;3.588377;;;;;
-0.0284571;-0.1491753;3.440481;-0.1516827;-0.4517536;3.662895;0.02105366;-0.331765;3.590887;;;;;
-0.02722267;-0.107882;3.404389;-0.1514099;-0.4518787;3.662977;0.01995929;-0.3431381;3.594365;;;;;
-0.02634794;-0.111195;3.409308;-0.1515204;-0.451453;3.66296;0.02121619;-0.3439532;3.595538;;;;;
-0.02504315;-0.1396225;3.428345;-0.1515561;-0.4513578;3.663042;0.022309;-0.3425774;3.592284;;;;;
-0.02312982;-0.1388322;3.441239;-0.1514545;-0.4532279;3.66283;0.01857567;-0.3350535;3.589455;;;;;
-0.02472007;-0.1434555;3.438546;-0.1513904;-0.4531585;3.662572;0.01960016;-0.3171062;3.573851;;;;;
-0.0252679;-0.1431616;3.439828;-0.1515909;-0.4528083;3.66271;0.01916075;-0.3195488;3.576019;;;;;
-0.02481242;-0.1431456;3.442259;-0.1515314;-0.4528451;3.662744;0.0194172;-0.3252963;3.578556;;;;;
-0.03543272;-0.09529042;3.411997;-0.1516125;-0.4523833;3.663324;0.02107761;-0.325092;3.581139;;;;;
-0.0325655;-0.09900576;3.417648;-0.1514606;-0.4519413;3.663705;0.02173993;-0.3340578;3.580904;;;;;
-0.03258049;-0.1026313;3.415418;-0.1513811;-0.4522659;3.663264;0.0214825;-0.3326754;3.588359;;;;;
-0.02527168;-0.07865371;3.368068;-0.15147;-0.4517591;3.66317;0.0280026;-0.3178394;3.571082;;;;;
-0.03463875;-0.09661391;3.403875;-0.1514881;-0.4512919;3.663471;0.02446022;-0.3294276;3.576304;;;;;
-0.02996585;-0.1462691;3.438111;-0.1515291;-0.451262;3.663523;0.02271362;-0.336911;3.591744;;;;;
-0.03008439;-0.1464399;3.439732;-0.1515542;-0.4510394;3.663767;0.02183075;-0.3398992;3.591667;;;;;
-0.02956841;-0.1470065;3.440523;-0.1515776;-0.4509323;3.663749;0.02701481;-0.3289301;3.594755;;;;;
-0.0347054;-0.09687209;3.417652;-0.151349;-0.4506938;3.663487;0.02592127;-0.3247674;3.59306;;;;;
-0.03592211;-0.100681;3.40664;-0.1515689;-0.4505194;3.663633;0.02635478;-0.3252183;3.592479;;;;;
-0.02499691;-0.1561655;3.426213;-0.1514159;-0.4525036;3.662291;0.02433159;-0.324344;3.592208;;;;;
-0.02503142;-0.1560722;3.426407;-0.1513688;-0.4518977;3.662547;0.03222125;-0.3248139;3.588822;;;;;
-0.03433312;-0.1033384;3.397233;-0.1513967;-0.4520057;3.66254;0.03065709;-0.3084867;3.609102;;;;;
-0.0284751;-0.1512098;3.439239;-0.1514032;-0.4518949;3.662675;0.02510316;-0.3391929;3.591111;;;;;
-0.04205296;-0.09612435;3.394544;-0.1513001;-0.4514312;3.662969;0.02744172;-0.3389273;3.587805;;;;;
-0.02941203;-0.1414074;3.444781;-0.1512555;-0.4514485;3.662837;0.0268473;-0.3398362;3.590174;;;;;
-0.02876649;-0.1434636;3.443142;-0.1516837;-0.4512419;3.662483;0.02408927;-0.3362114;3.583158;;;;;
-0.02810024;-0.1462764;3.436707;-0.1518003;-0.4521672;3.662914;0.02870918;-0.3333467;3.579546;;;;;
-0.028165;-0.1463528;3.436886;-0.1517013;-0.4520867;3.663338;0.02404328;-0.3430616;3.583188;;;;;
-0.02751611;-0.1464864;3.438849;-0.1516934;-0.452096;3.663332;0.02632695;-0.3401986;3.587301;;;;;
-0.02740588;-0.1470465;3.438577;-0.1513977;-0.4504278;3.663778;0.02467799;-0.3336535;3.587184;;;;;
-0.02800234;-0.1113792;3.401708;-0.1501191;-0.4459212;3.664786;0.02213853;-0.3370418;3.58429;;;;;
-0.02867801;-0.1080012;3.399093;-0.1502238;-0.4460207;3.664765;0.02142209;-0.3362208;3.58393;;;;;
-0.02847959;-0.106596;3.399755;-0.1501897;-0.4457351;3.665198;0.02140613;-0.3374216;3.584175;;;;;
-0.0279812;-0.106407;3.400594;-0.1503569;-0.4516299;3.66369;0.01833878;-0.3374375;3.587252;;;;;
-0.02661306;-0.1428009;3.424608;-0.1505266;-0.4519058;3.663535;0.02931697;-0.3271087;3.576844;;;;;
-0.0260852;-0.1460956;3.432325;-0.150541;-0.4520302;3.663572;0.02549816;-0.3289804;3.587027;;;;;
-0.02675924;-0.1459918;3.433798;-0.1504536;-0.4522925;3.663492;0.01833347;-0.3289383;3.58284;;;;;
-0.02645334;-0.1451353;3.436848;-0.1502976;-0.4528074;3.663515;0.02415567;-0.3362522;3.592805;;;;;
-0.02148191;-0.1014977;3.395087;-0.1502818;-0.4528177;3.66357;0.02083927;-0.3260752;3.593598;;;;;
-0.02244546;-0.1058164;3.395996;-0.1504782;-0.4524836;3.66396;0.01838077;-0.326248;3.588752;;;;;
-0.02207127;-0.1069011;3.395199;-0.1505965;-0.452244;3.664081;0.01984826;-0.3267636;3.589684;;;;;
-0.02122547;-0.106022;3.395115;-0.1505168;-0.451883;3.664171;0.02345659;-0.3272845;3.593669;;;;;
-0.01973157;-0.1093453;3.39182;-0.1507923;-0.4520274;3.664255;0.02936229;-0.3201907;3.601297;;;;;
-0.0204149;-0.1045775;3.39282;-0.1507722;-0.4520589;3.664216;0.03142357;-0.3167409;3.588564;;;;;
-0.02027375;-0.1065558;3.395151;-0.1509467;-0.450992;3.664347;0.03049168;-0.320564;3.591043;;;;;
-0.01966504;-0.1051496;3.401404;-0.1507386;-0.4505523;3.664172;0.02806614;-0.3275514;3.591085;;;;;
-0.0249904;-0.1364801;3.425155;-0.1506017;-0.4500504;3.664467;0.02632504;-0.3344416;3.588481;;;;;
-0.02683276;-0.1111952;3.396086;-0.1506061;-0.4502037;3.664445;0.02607543;-0.3305263;3.588195;;;;;
-0.02844306;-0.1112245;3.394076;-0.1492904;-0.4389343;3.665954;0.02615275;-0.330313;3.588237;;;;;
-0.03002065;-0.1127604;3.392585;-0.1496015;-0.4410574;3.665929;0.02623254;-0.3297549;3.588641;;;;;
-0.03063605;-0.1128838;3.391489;-0.1492532;-0.444747;3.665107;0.03314126;-0.3359868;3.581567;;;;;
-0.03221029;-0.1135516;3.392193;-0.1491525;-0.4448391;3.665265;0.0303415;-0.3341936;3.59348;;;;;
-0.02214766;-0.1492507;3.44086;-0.149332;-0.4450658;3.665329;0.02409094;-0.3337584;3.588093;;;;;
-0.02442964;-0.1480513;3.441267;-0.1494848;-0.446216;3.665328;0.03127244;-0.3318369;3.579364;;;;;
-0.03572998;-0.09912288;3.386472;-0.1494455;-0.4494853;3.664881;0.02569567;-0.3352613;3.590574;;;;;
-0.03566974;-0.1009221;3.389664;-0.1495813;-0.4496225;3.664982;0.02575654;-0.33249;3.587074;;;;;
-0.03549144;-0.1022696;3.391371;-0.1490996;-0.451715;3.664824;0.02393519;-0.3322588;3.585206;;;;;
-0.03562602;-0.1010748;3.389847;-0.1495441;-0.450881;3.665039;0.02545647;-0.3333934;3.58811;;;;;
-0.02620941;-0.1566214;3.439015;-0.1495385;-0.4508972;3.665071;0.02529434;-0.3342836;3.592405;;;;;
-0.02858357;-0.15203;3.439107;-0.1497054;-0.4519052;3.664832;0.02240867;-0.3358929;3.591248;;;;;
-0.03037417;-0.149548;3.443736;-0.1496887;-0.4507397;3.665028;0.02211739;-0.3395714;3.596746;;;;;
-0.02881759;-0.1494967;3.446367;-0.150193;-0.4499267;3.664981;0.02237055;-0.3367251;3.595448;;;;;
-0.02852111;-0.1495254;3.446392;-0.1501751;-0.4499166;3.664892;0.02549176;-0.3332152;3.598682;;;;;
-0.03229479;-0.08328721;3.432686;-0.1502208;-0.4497907;3.665017;0.01784106;-0.3336865;3.579781;;;;;
-0.02557181;-0.1533464;3.435793;-0.1505233;-0.4492249;3.665071;0.01929293;-0.3306866;3.579628;;;;;
-0.02715058;-0.1502512;3.435095;-0.1503278;-0.451224;3.66542;0.02483692;-0.3283677;3.590604;;;;;
-0.02670357;-0.1506575;3.435191;-0.1506162;-0.4510244;3.665418;0.03455975;-0.324542;3.592239;;;;;
-0.04136274;-0.1090177;3.399495;-0.1505232;-0.4505456;3.665167;0.03255352;-0.3207058;3.595637;;;;;
-0.00465451;-0.1488667;3.390208;-0.1505989;-0.4500116;3.665571;0.0219735;-0.3436445;3.588603;;;;;
-0.00376842;-0.1471016;3.390372;-0.150494;-0.4497938;3.66546;0.0220231;-0.3427251;3.587417;;;;;
-0.01128943;-0.1174862;3.372317;-0.1504041;-0.4504665;3.665377;0.02115114;-0.3170193;3.559931;;;;;
-0.02237994;-0.1502208;3.426417;-0.1504158;-0.4504436;3.665143;0.02325773;-0.3238822;3.581441;;;;;
-0.03227866;-0.1262856;3.401912;-0.1503683;-0.450415;3.665192;0.02055724;-0.3404211;3.597073;;;;;
-0.02792788;-0.1437664;3.425646;-0.1516911;-0.4491278;3.664842;0.03254161;-0.3130765;3.579021;;;;;
-0.0282752;-0.1166622;3.399421;-0.151364;-0.4531464;3.663305;0.03209817;-0.3307892;3.590863;;;;;
-0.02779844;-0.1465291;3.437034;-0.151043;-0.453346;3.663174;0.02643077;-0.3358363;3.590791;;;;;
-0.02855863;-0.1457875;3.437046;-0.1510442;-0.4527602;3.66378;0.02343542;-0.3350653;3.586348;;;;;
-0.02785723;-0.1086161;3.386691;-0.1507287;-0.45125;3.664221;0.02418491;-0.3361765;3.588132;;;;;
-0.02909409;-0.1074349;3.387064;-0.1506909;-0.4511563;3.664196;0.02269499;-0.336786;3.587972;;;;;
-0.03044016;-0.1056549;3.387664;-0.1507703;-0.4506656;3.664505;0.0190821;-0.3445963;3.589402;;;;;
-0.03340618;-0.15402;3.457964;-0.1515028;-0.4495098;3.66482;0.02001109;-0.3416378;3.591308;;;;;
-0.03351272;-0.1563903;3.451567;-0.1502741;-0.4440913;3.664856;0.02451852;-0.3360588;3.59549;;;;;
-0.03289524;-0.1567407;3.450704;-0.1505172;-0.4444392;3.664781;0.02398651;-0.3376955;3.594951;;;;;
-0.03001329;-0.1563916;3.447981;-0.1506408;-0.444816;3.664514;0.02153198;-0.3373134;3.590846;;;;;
-0.03362848;-0.1107248;3.382717;-0.1509575;-0.4451395;3.664686;0.0213017;-0.3372472;3.590491;;;;;
-0.02842356;-0.1475451;3.429103;-0.1508597;-0.4452975;3.66475;0.02306315;-0.3355472;3.595889;;;;;
-0.02719731;-0.1505253;3.429085;-0.1507749;-0.4457137;3.66467;0.02142019;-0.338411;3.590904;;;;;
-0.02677907;-0.1507089;3.432854;-0.1509043;-0.445894;3.664524;0.0228994;-0.3394333;3.587492;;;;;
-0.02719171;-0.1497724;3.432625;-0.1502317;-0.4435129;3.664336;0.01797549;-0.3449518;3.589718;;;;;
-0.02633246;-0.1511326;3.432877;-0.1498545;-0.4474365;3.663066;0.02219228;-0.3366934;3.589462;;;;;
-0.03551731;-0.1475077;3.372911;-0.1499078;-0.4474356;3.663065;0.02409044;-0.3374432;3.593611;;;;;
-0.02725563;-0.1538083;3.442526;-0.1498824;-0.447491;3.663163;0.029776;-0.332441;3.583789;;;;;
-0.02733153;-0.1537167;3.440424;-0.1500087;-0.4475562;3.663151;0.02604787;-0.3365816;3.584883;;;;;
-0.03378657;-0.1065642;3.408298;-0.1499444;-0.4475406;3.662973;0.0262346;-0.3335669;3.588446;;;;;
-0.02750918;-0.1463395;3.431479;-0.1502515;-0.4474602;3.662982;0.02344618;-0.3354004;3.587257;;;;;
-0.02923295;-0.146713;3.435546;-0.1502764;-0.4473443;3.663029;0.02225179;-0.3341016;3.58478;;;;;
-0.02980466;-0.1451822;3.435322;-0.1501112;-0.4470383;3.663126;0.02129672;-0.3345784;3.586896;;;;;
-0.02728407;-0.1097101;3.402418;-0.150134;-0.447758;3.663018;0.02292846;-0.3338665;3.587249;;;;;
-0.02784053;-0.1395042;3.426935;-0.1502063;-0.4476854;3.663012;0.02486993;-0.3380417;3.582308;;;;;
-0.03012672;-0.1130805;3.385681;-0.1491009;-0.4429197;3.664159;0.024773;-0.3372794;3.58275;;;;;
-0.02765201;-0.1546071;3.428812;-0.1489209;-0.4437454;3.664005;0.02466427;-0.3374391;3.583484;;;;;
-0.034418;-0.1081204;3.410029;-0.1496163;-0.4442955;3.663629;0.02883828;-0.3343369;3.588857;;;;;
-0.02668783;-0.1477192;3.426212;-0.1494394;-0.4410703;3.663838;0.02591346;-0.3375358;3.589632;;;;;
-0.02699829;-0.1482966;3.427176;-0.1491799;-0.4416853;3.663374;0.02262014;-0.3379472;3.584981;;;;;
-0.03401798;-0.1158583;3.39883;-0.1496841;-0.4425223;3.662744;0.02387995;-0.3368637;3.587218;;;;;
-0.0328194;-0.1175123;3.399297;-0.1500812;-0.4431699;3.662504;0.02504952;-0.337733;3.591954;;;;;
-0.03130898;-0.1136351;3.399245;-0.1503178;-0.4432221;3.662383;0.02610215;-0.3448062;3.595488;;;;;
-0.02800562;-0.1454386;3.423288;-0.1505719;-0.4433561;3.66238;0.0241241;-0.3471559;3.594282;;;;;
-0.03668351;-0.1140874;3.392938;-0.150609;-0.4436023;3.662239;0.02098817;-0.324958;3.595853;;;;;
-0.0278493;-0.1594078;3.381942;-0.1505724;-0.4372235;3.663555;0.02306203;-0.3289332;3.596906;;;;;
-0.02619659;-0.1553527;3.416764;-0.1510944;-0.4405381;3.662289;0.02488808;-0.3355477;3.586852;;;;;
-0.01539511;-0.1387326;3.380859;-0.151097;-0.4407945;3.662143;0.02297553;-0.3359305;3.58374;;;;;
-0.02376553;-0.1495823;3.418723;-0.1509118;-0.442316;3.662259;0.02200241;-0.3414683;3.584016;;;;;
-0.02370879;-0.1320368;3.389098;-0.1509618;-0.4423525;3.662214;0.0221678;-0.343476;3.58345;;;;;
-0.022284;-0.1326463;3.389337;-0.1499324;-0.4394456;3.661968;0.02157132;-0.3455551;3.583348;;;;;
-0.02299367;-0.1312767;3.389488;-0.1503202;-0.4400644;3.661792;0.0219107;-0.3466588;3.583815;;;;;
-0.03015138;-0.1259211;3.386125;-0.1506026;-0.4418965;3.660861;0.01912558;-0.3467661;3.582518;;;;;
-0.02922131;-0.1461298;3.417178;-0.1506239;-0.4427711;3.661191;0.01881311;-0.3392861;3.581783;;;;;
-0.03078261;-0.147317;3.421321;-0.1507877;-0.444299;3.66083;0.01897099;-0.3392791;3.581445;;;;;
-0.03083707;-0.1493137;3.419651;-0.1508806;-0.4444721;3.660725;0.01950874;-0.3388393;3.584342;;;;;
-0.03728751;-0.07030727;3.343504;-0.1508651;-0.4445883;3.660669;0.02082284;-0.337849;3.583518;;;;;
-0.04383335;-0.09765664;3.38993;-0.1509309;-0.4448918;3.660731;0.01493065;-0.3260433;3.568623;;;;;
-0.02750934;-0.09706564;3.390219;-0.150959;-0.4453051;3.660465;0.01725203;-0.332311;3.571998;;;;;
-0.02755299;-0.09643775;3.393143;-0.1510379;-0.4456627;3.660293;0.02004718;-0.3312632;3.571645;;;;;
-0.03397388;-0.1535725;3.432033;-0.1510306;-0.4456804;3.660322;0.01922921;-0.3333248;3.571775;;;;;
-0.03322647;-0.1527411;3.432028;-0.1511208;-0.4456128;3.660309;0.02104122;-0.3392106;3.574623;;;;;
-0.03137641;-0.1535098;3.427922;-0.1512299;-0.4457881;3.660393;0.02023547;-0.3382207;3.573594;;;;;
-0.03475141;-0.1326059;3.376792;-0.1507791;-0.4470205;3.659983;0.02195865;-0.3448954;3.581417;;;;;
-0.03109132;-0.1487374;3.419149;-0.1509815;-0.4480657;3.659531;0.02230267;-0.3450281;3.580526;;;;;
-0.03059555;-0.1493918;3.419674;-0.1512756;-0.4479599;3.659628;0.02204257;-0.3461173;3.582679;;;;;
-0.0233594;-0.1072816;3.373878;-0.1513044;-0.4479315;3.65965;0.01821779;-0.3369422;3.574892;;;;;
-0.0244707;-0.1122684;3.388042;-0.1511203;-0.4455427;3.659924;0.01839245;-0.3370339;3.574806;;;;;
-0.02467058;-0.1535641;3.414578;-0.1512926;-0.4458359;3.660056;0.01975415;-0.3403646;3.576949;;;;;
-0.02554891;-0.1555821;3.426342;-0.1527294;-0.446268;3.66032;0.02214493;-0.3485676;3.582602;;;;;
-0.02578591;-0.1551036;3.425816;-0.1523307;-0.4487876;3.661068;0.0201952;-0.3491197;3.584592;;;;;
-0.02612996;-0.1546036;3.426527;-0.1522438;-0.4488674;3.66134;0.02242478;-0.3515688;3.588809;;;;;
-0.02614849;-0.1545816;3.42657;-0.1522863;-0.4487796;3.661305;0.01988138;-0.349926;3.584994;;;;;
-0.03119927;-0.1125726;3.396863;-0.151714;-0.4498079;3.661391;0.02066211;-0.3465447;3.58639;;;;;
-0.02885741;-0.1176838;3.401431;-0.1517027;-0.449551;3.661425;0.02067171;-0.3460506;3.584835;;;;;
-0.0302451;-0.1432337;3.423877;-0.1517335;-0.4487773;3.662026;0.02171915;-0.3352454;3.587517;;;;;
-0.02710408;-0.1275904;3.38399;-0.1515377;-0.4489518;3.662629;0.02371034;-0.3340017;3.587654;;;;;
-0.02925007;-0.1472737;3.417658;-0.1515297;-0.4489046;3.662663;0.02086502;-0.3364457;3.583601;;;;;
-0.02895847;-0.1479698;3.41872;-0.1517572;-0.4490132;3.662962;0.02190046;-0.3418153;3.586298;;;;;
-0.0311441;-0.1475323;3.422107;-0.1517599;-0.4490146;3.66296;0.02129331;-0.3459785;3.587811;;;;;
-0.02944163;-0.1487;3.42533;-0.1516629;-0.4465128;3.663047;0.02187202;-0.3469183;3.588651;;;;;
-0.02958941;-0.1502703;3.426317;-0.1517018;-0.446542;3.663043;0.02009051;-0.3533796;3.594904;;;;;
-0.02880994;-0.1509121;3.426162;-0.1515896;-0.4481779;3.66249;0.02440063;-0.3405951;3.596089;;;;;
-0.02880865;-0.1509173;3.42617;-0.1510737;-0.4504323;3.662603;0.01998541;-0.3337467;3.590807;;;;;
-0.02878176;-0.1507808;3.424978;-0.1510269;-0.4499498;3.662733;0.01957493;-0.3464234;3.593237;;;;;
-0.0014093;-0.1321374;3.389146;-0.1511739;-0.4489974;3.663019;0.02640037;-0.3388482;3.597861;;;;;
-0.02642972;-0.1499926;3.425343;-0.1510377;-0.4497057;3.66276;0.02131868;-0.34368;3.589594;;;;;
-0.03595128;-0.1185173;3.403996;-0.1510051;-0.4497676;3.662713;0.0210066;-0.3434617;3.589955;;;;;
-0.03075408;-0.1508291;3.415116;-0.150887;-0.448345;3.662549;0.02093463;-0.3433568;3.589868;;;;;
-0.03742461;-0.1326519;3.389032;-0.1511768;-0.4481298;3.662346;0.02081766;-0.3435346;3.589905;;;;;
-0.02796714;-0.1550131;3.428832;-0.1514562;-0.448698;3.66209;0.02629176;-0.3458111;3.589829;;;;;
-0.0281422;-0.1547534;3.428606;-0.1515101;-0.4490007;3.662016;0.02526513;-0.3458185;3.589654;;;;;
-0.02858522;-0.1542615;3.428376;-0.1515184;-0.4490033;3.662003;0.02582698;-0.3424601;3.586773;;;;;
-0.02813939;-0.1542684;3.428277;-0.1515675;-0.4499174;3.661757;0.02355648;-0.3409606;3.584635;;;;;
-0.02409876;-0.1021214;3.384889;-0.1515919;-0.4494954;3.661731;0.01365235;-0.3362949;3.580009;;;;;
-0.02727685;-0.149794;3.428206;-0.1513392;-0.4511736;3.661232;0.01389667;-0.3374054;3.580478;;;;;
-0.03055798;-0.127383;3.410398;-0.1515043;-0.4509481;3.661424;0.009039363;-0.3576465;3.59578;;;;;
-0.02696031;-0.1500887;3.427735;-0.1514497;-0.4505281;3.661438;0.01198482;-0.35557;3.595069;;;;;
-0.03497744;-0.109084;3.395172;-0.151397;-0.4506233;3.661429;0.01550395;-0.3529679;3.590431;;;;;
-0.03391015;-0.1092206;3.38753;-0.1513082;-0.4514565;3.661122;0.01947256;-0.3382715;3.579741;;;;;
-0.02780562;-0.1491554;3.435364;-0.1509756;-0.4514153;3.660604;0.01939031;-0.3398058;3.580259;;;;;
-0.02577091;-0.0978566;3.405607;-0.1495697;-0.4446488;3.662317;0.01608308;-0.3350043;3.577529;;;;;
-0.02885041;-0.1442865;3.428014;-0.1497439;-0.4453544;3.66203;0.01590373;-0.3351573;3.576982;;;;;
-0.02810783;-0.1461618;3.428574;-0.1501628;-0.4470613;3.661984;0.01681536;-0.3310669;3.580871;;;;;
-0.02949396;-0.1490107;3.427047;-0.1499996;-0.4509565;3.661204;0.01623454;-0.3317522;3.581047;;;;;
-0.02956916;-0.1495175;3.427678;-0.1500244;-0.4509556;3.660996;0.01677454;-0.3377896;3.577984;;;;;
-0.02970888;-0.1497303;3.427686;-0.1499958;-0.4512439;3.660865;0.01550592;-0.3340861;3.576181;;;;;
-0.02988605;-0.1503556;3.427101;-0.1504545;-0.4508061;3.660947;0.01802358;-0.3425878;3.579039;;;;;
-0.02994742;-0.1505821;3.42713;-0.1506028;-0.4508172;3.660472;0.0215409;-0.341503;3.579198;;;;;
-0.03012773;-0.1504214;3.427478;-0.1506276;-0.4503563;3.660417;0.0217663;-0.3438514;3.580393;;;;;
-0.03507712;-0.1020741;3.396787;-0.1488533;-0.4399628;3.662755;0.02153429;-0.3438944;3.581112;;;;;
-0.0347539;-0.1014595;3.394792;-0.148638;-0.4414177;3.662112;0.02186136;-0.3464201;3.585971;;;;;
-0.03413601;-0.1548785;3.423146;-0.1491854;-0.4420253;3.661852;0.02245786;-0.3466515;3.586368;;;;;
-0.03263571;-0.1537518;3.424781;-0.1495402;-0.4423184;3.661888;0.02061248;-0.3407331;3.581849;;;;;
-0.0312397;-0.1552454;3.422938;-0.149579;-0.4426912;3.662009;0.02108805;-0.3439595;3.580864;;;;;
-0.03183809;-0.1559857;3.423738;-0.1495953;-0.4476145;3.660667;0.02671132;-0.3391892;3.596729;;;;;
-0.03259065;-0.1530785;3.425062;-0.149698;-0.4477401;3.660665;0.02574165;-0.3405676;3.596263;;;;;
-0.04191167;-0.1133371;3.387625;-0.1495917;-0.4376383;3.66351;0.02077435;-0.3463924;3.595621;;;;;
-0.03409615;-0.160212;3.41245;-0.1498359;-0.4402652;3.662828;0.02045789;-0.3436501;3.59109;;;;;
-0.03239676;-0.1562723;3.421515;-0.1496231;-0.4423688;3.662628;0.0175728;-0.3394564;3.584347;;;;;
-0.03083525;-0.1564817;3.425206;-0.1497468;-0.4427901;3.662693;0.01608609;-0.3403242;3.583117;;;;;
-0.03010751;-0.157768;3.425571;-0.1498898;-0.4426992;3.662368;0.01728606;-0.3405682;3.58178;;;;;
-0.03117631;-0.1566023;3.42395;-0.1497941;-0.4425793;3.662368;0.01721343;-0.3395814;3.581329;;;;;
-0.0322627;-0.1553342;3.424304;-0.1501607;-0.443507;3.66208;0.01724628;-0.3368019;3.580581;;;;;
-0.04576416;-0.1095714;3.394834;-0.150536;-0.4438602;3.662055;0.01759554;-0.3340299;3.575397;;;;;
-0.03356594;-0.1469514;3.419889;-0.1508233;-0.4440464;3.661961;0.01438441;-0.3417254;3.576521;;;;;
-0.03350489;-0.1471279;3.421419;-0.1507128;-0.4454975;3.661817;0.02422029;-0.3266184;3.597391;;;;;
-0.03453279;-0.1469924;3.422764;-0.1506653;-0.4512549;3.659688;0.02379634;-0.3433895;3.590332;;;;;
-0.03395552;-0.1481464;3.422798;-0.1505756;-0.4510548;3.659756;0.02089532;-0.3484874;3.590178;;;;;
-0.03863531;-0.1135913;3.377516;-0.1504914;-0.4504415;3.660032;0.01888157;-0.3421144;3.589317;;;;;
-0.03287894;-0.1526581;3.423086;-0.1500163;-0.4383013;3.662744;0.02183384;-0.3510343;3.599482;;;;;
-0.03317721;-0.1572452;3.416213;-0.150788;-0.4392151;3.662534;0.02333053;-0.3431896;3.583894;;;;;
-0.03107555;-0.1255544;3.363713;-0.1508282;-0.4403183;3.662824;0.02332373;-0.3433222;3.583987;;;;;
-0.03366057;-0.1530562;3.415073;-0.1514077;-0.4419707;3.6612;0.02326418;-0.3433746;3.58402;;;;;
-0.03278315;-0.1551941;3.416233;-0.1510272;-0.4437971;3.661273;0.02144335;-0.3471156;3.585789;;;;;
-0.03452332;-0.1543966;3.41458;-0.1509218;-0.4448511;3.660819;0.02106508;-0.3529803;3.589864;;;;;
-0.03803027;-0.1481883;3.423452;-0.1507464;-0.4423099;3.661509;0.02065791;-0.3534198;3.590739;;;;;
