HandRight.X;HandRight.Y;HandRight.Z;ElbowRight.X;ElbowRight.Y;ElbowRight.Z;HipCenter.X;HipCenter.Y;HipCenter.Z;HandLeft.X;HandLeft.Y;HandLeft.Z;ElbowLeft.X;ElbowLeft.Y;ElbowLeft.Z;
0.3548242;-0.3334423;3.36386;0.1035749;-0.3805062;3.535891;-0.1072798;-0.4108412;3.483651;-0.5258553;-0.3651985;3.284543;-0.3569533;-0.3405391;3.523277;
0.3464789;-0.3335053;3.366129;0.1061219;-0.3800491;3.532232;-0.1076304;-0.4109262;3.483461;-0.5251094;-0.3676939;3.286508;-0.3274128;-0.3079424;3.550905;
0.343626;-0.3345609;3.373533;0.1064013;-0.3804437;3.53333;-0.1076759;-0.4111405;3.483153;-0.5255804;-0.3678778;3.286314;-0.3259936;-0.3091765;3.549121;
0.3410393;-0.3345909;3.373201;0.1068143;-0.3806824;3.533419;-0.1076648;-0.4110526;3.483122;-0.5260973;-0.3679036;3.286349;-0.3265062;-0.3107359;3.547418;
0.34166;-0.335142;3.371408;0.111582;-0.3803412;3.53369;-0.1079711;-0.4111841;3.483045;-0.5257281;-0.3685305;3.285552;-0.332087;-0.319251;3.545699;
0.3410435;-0.335249;3.370618;0.11224;-0.3800356;3.530671;-0.108153;-0.4112757;3.483027;-0.5254006;-0.3693793;3.284175;-0.3550399;-0.3362987;3.527171;
0.340456;-0.3353884;3.370127;0.1120963;-0.3807613;3.531523;-0.108363;-0.4110965;3.482772;-0.525367;-0.3692693;3.283231;-0.3561734;-0.3372068;3.52818;
0.3407588;-0.3353963;3.369763;0.07803236;-0.3814513;3.531409;-0.1087918;-0.4113305;3.482318;-0.5253539;-0.3693918;3.28282;-0.3450778;-0.3304299;3.533933;
0.3416934;-0.3357477;3.367512;0.1157398;-0.3727878;3.539384;-0.1089229;-0.4113362;3.482278;-0.5243756;-0.3709461;3.283908;-0.355819;-0.3352215;3.514529;
0.3373442;-0.3359102;3.370991;0.1086508;-0.3761735;3.534118;-0.1092245;-0.4109308;3.481909;-0.5243263;-0.3707537;3.284124;-0.3542801;-0.3381276;3.536839;
0.3378318;-0.3358859;3.370728;0.1089224;-0.3731573;3.533803;-0.109365;-0.4109253;3.481806;-0.5245433;-0.3707146;3.282938;-0.3455892;-0.3291039;3.537755;
0.3390788;-0.3358832;3.370274;0.1094149;-0.3708507;3.532163;-0.1097474;-0.4106674;3.481537;-0.5245668;-0.370814;3.283223;-0.3457033;-0.3294468;3.537698;
0.3384113;-0.3355351;3.370391;0.1084256;-0.3735726;3.531539;-0.1101231;-0.4107336;3.481558;-0.5248352;-0.3706023;3.282907;-0.3695638;-0.3051483;3.517458;
0.3384499;-0.3354101;3.36947;0.1089752;-0.3740076;3.530626;-0.1108733;-0.4103954;3.481278;-0.5263236;-0.3680378;3.280085;-0.362826;-0.3353874;3.522246;
0.3382535;-0.3353421;3.367895;0.1096455;-0.3728624;3.5305;-0.1110783;-0.410441;3.481305;-0.5263599;-0.3679875;3.280162;-0.3619164;-0.3347725;3.522002;
0.3366477;-0.3347988;3.362154;0.1116408;-0.3721966;3.531297;-0.1117356;-0.4100436;3.480929;-0.5277557;-0.3674842;3.279931;-0.363051;-0.335237;3.523063;
0.336884;-0.3349842;3.363606;0.1104075;-0.3709164;3.530697;-0.1118874;-0.41009;3.480837;-0.5283536;-0.3670635;3.281817;-0.3735899;-0.3029315;3.51767;
0.3373504;-0.3350343;3.364599;0.1113663;-0.374276;3.533513;-0.1123085;-0.4096481;3.480859;-0.5283411;-0.367063;3.281686;-0.3759417;-0.3002411;3.516855;
0.3367162;-0.33507;3.364976;0.1108211;-0.3750618;3.53386;-0.1125085;-0.4098606;3.480887;-0.528603;-0.3669247;3.281738;-0.3770333;-0.2999759;3.518231;
0.3363866;-0.3350037;3.365125;0.1115443;-0.3767985;3.531605;-0.1127311;-0.4099392;3.480775;-0.5291133;-0.3655495;3.286026;-0.3783457;-0.2990522;3.518635;
0.3360229;-0.3348058;3.365356;0.1108275;-0.3778783;3.53093;-0.1130607;-0.409007;3.48059;-0.5288497;-0.3688614;3.289821;-0.3789079;-0.2984837;3.519449;
0.3359761;-0.334767;3.365289;0.1118308;-0.3799;3.532722;-0.1131432;-0.4090916;3.480629;-0.5287775;-0.3687403;3.28992;-0.3793039;-0.2980544;3.51974;
0.3357785;-0.3348136;3.365932;0.1122389;-0.3798981;3.533589;-0.1132011;-0.4091424;3.480608;-0.5293771;-0.3655604;3.286641;-0.3807602;-0.2979679;3.520995;
0.3369997;-0.3348903;3.365662;0.1133215;-0.3795098;3.532656;-0.1132466;-0.4090679;3.480609;-0.5314122;-0.3646156;3.287372;-0.3811187;-0.2978402;3.52057;
0.3371922;-0.3347557;3.365462;0.1138332;-0.379844;3.532836;-0.1135184;-0.4091512;3.480579;-0.5313276;-0.3636007;3.285075;-0.3832524;-0.2968999;3.517902;
0.3378282;-0.334948;3.366113;0.1129772;-0.3792064;3.528513;-0.1137542;-0.4089276;3.480685;-0.5273213;-0.3659129;3.291512;-0.3834664;-0.2968964;3.517447;
0.3377649;-0.3351474;3.36709;0.1114905;-0.3797532;3.530265;-0.1137439;-0.4087835;3.480621;-0.5282336;-0.3654979;3.291458;-0.3833714;-0.2969369;3.516979;
0.3377629;-0.3351474;3.367099;0.1119565;-0.3801022;3.531143;-0.1138515;-0.4088094;3.480653;-0.5288083;-0.3652124;3.290599;-0.3832904;-0.2970813;3.516094;
0.3400812;-0.3347817;3.362203;0.1172625;-0.3811356;3.529714;-0.1138126;-0.40869;3.480611;-0.531388;-0.3631727;3.281599;-0.3836237;-0.296825;3.516404;
0.3380129;-0.3356519;3.364401;0.1136479;-0.3794594;3.530048;-0.1138152;-0.4079885;3.480722;-0.5311001;-0.3632021;3.280768;-0.3830897;-0.2954611;3.516578;
0.3394324;-0.3355213;3.364524;0.1152733;-0.3799362;3.530861;-0.1138892;-0.4080629;3.480654;-0.5304319;-0.3637427;3.280376;-0.3829123;-0.2957273;3.516537;
0.3389639;-0.335452;3.364498;0.1148943;-0.3803529;3.531248;-0.1138084;-0.4076994;3.480907;-0.5308118;-0.3642379;3.281719;-0.3831698;-0.2968001;3.518241;
0.3486192;-0.3349589;3.364228;0.1184664;-0.3797342;3.529966;-0.1140086;-0.4080741;3.480547;-0.5308645;-0.3643319;3.281729;-0.3826182;-0.2977059;3.518824;
0.3469187;-0.3347671;3.362095;0.1183048;-0.3791279;3.529096;-0.1139917;-0.4079499;3.48062;-0.5304684;-0.3637269;3.28119;-0.3822632;-0.2976084;3.518809;
0.3406627;-0.3353748;3.365409;0.1155183;-0.3803861;3.530416;-0.1138035;-0.4080445;3.480776;-0.5292674;-0.3648705;3.282248;-0.3768044;-0.3295664;3.536339;
0.3476187;-0.3361401;3.361721;0.08154422;-0.3734896;3.535704;-0.1137948;-0.4080933;3.480889;-0.5279385;-0.3648711;3.27902;-0.3581845;-0.3138247;3.556677;
0.3461317;-0.3365717;3.363214;0.09557988;-0.3735989;3.530321;-0.1141475;-0.4079384;3.480784;-0.5277998;-0.3651226;3.278342;-0.3660285;-0.3336875;3.543926;
0.3460503;-0.3365965;3.36322;0.1021642;-0.371315;3.527068;-0.1139418;-0.4076568;3.480617;-0.5276645;-0.3653499;3.2781;-0.3751742;-0.2938557;3.524313;
0.3453242;-0.3364996;3.363229;0.1080123;-0.375011;3.526834;-0.113929;-0.4081123;3.480649;-0.5276841;-0.3651824;3.277134;-0.3631741;-0.3428043;3.519798;
0.3449756;-0.3363798;3.363526;0.1081441;-0.3747819;3.527025;-0.1136624;-0.4083192;3.48083;-0.5276188;-0.3652552;3.277341;-0.3726895;-0.3038808;3.52122;
0.335526;-0.3390754;3.370884;0.1034514;-0.3799642;3.532282;-0.1135991;-0.4081647;3.480667;-0.5285468;-0.3656987;3.277698;-0.3682451;-0.3295155;3.522175;
0.3382756;-0.3405215;3.370121;0.1072969;-0.3727169;3.530068;-0.1135109;-0.4082428;3.480626;-0.5282114;-0.3658881;3.277198;-0.3466625;-0.3200313;3.538327;
0.338535;-0.340357;3.368838;0.1074708;-0.3702879;3.530307;-0.1133138;-0.4081037;3.480674;-0.5284803;-0.3648871;3.27662;-0.3710287;-0.3011716;3.523789;
0.3371417;-0.339642;3.369287;0.1063576;-0.3748427;3.533902;-0.1132136;-0.4080852;3.480612;-0.5289633;-0.3636762;3.280389;-0.3628851;-0.3256587;3.53448;
0.3359019;-0.3401313;3.369336;0.1062431;-0.3740621;3.533748;-0.1132646;-0.408138;3.480552;-0.5292339;-0.3634699;3.278908;-0.3718084;-0.3114771;3.520447;
0.3395842;-0.3407238;3.367556;0.1116025;-0.3776494;3.529942;-0.1132253;-0.4082153;3.480453;-0.5288772;-0.3637255;3.284609;-0.3734766;-0.3084169;3.520559;
0.3391267;-0.340578;3.369266;0.1099147;-0.3774041;3.530773;-0.1131491;-0.4082705;3.480427;-0.529157;-0.3637694;3.283465;-0.3728319;-0.3038162;3.51979;
0.3410405;-0.3395155;3.368293;0.1129496;-0.3789104;3.531682;-0.1129347;-0.4083084;3.480338;-0.5293329;-0.3636178;3.283501;-0.3731431;-0.3017198;3.520663;
0.3426388;-0.3392603;3.366106;0.1162856;-0.3802899;3.528925;-0.1129661;-0.4085935;3.480326;-0.5296868;-0.3635036;3.28297;-0.3734202;-0.2988718;3.515962;
0.3414754;-0.3389137;3.366934;0.1134744;-0.3756971;3.530703;-0.1126702;-0.4090977;3.480104;-0.5297128;-0.363524;3.283004;-0.3736886;-0.2989542;3.516068;
0.3421277;-0.3394939;3.367938;0.1124453;-0.3764473;3.533704;-0.1126207;-0.4091198;3.480137;-0.5297243;-0.3635651;3.283056;-0.3741027;-0.3005556;3.517742;
0.3357764;-0.3405406;3.37332;0.1062881;-0.3742452;3.536366;-0.1126128;-0.4091685;3.480407;-0.5298696;-0.3635772;3.283347;-0.3738117;-0.3000441;3.517698;
0.3398474;-0.3410133;3.371473;0.1254026;-0.3405133;3.52636;-0.1122337;-0.4092984;3.480405;-0.5298512;-0.364162;3.283233;-0.3734013;-0.299628;3.517645;
0.3486694;-0.3416365;3.36597;0.0675782;-0.3624518;3.531886;-0.1121798;-0.4089955;3.480679;-0.5297253;-0.3644178;3.283658;-0.3732655;-0.3002081;3.518929;
0.3480156;-0.3416137;3.367116;0.1237537;-0.3347189;3.525476;-0.1120848;-0.4089901;3.480629;-0.5293912;-0.3648092;3.283256;-0.372842;-0.3010617;3.520487;
0.3470683;-0.3417355;3.36964;0.1085543;-0.3604339;3.532328;-0.1121895;-0.4096048;3.480712;-0.52898;-0.3644279;3.28179;-0.3743762;-0.3192715;3.524384;
0.3467408;-0.3426089;3.368585;0.1112363;-0.3653349;3.531901;-0.1121364;-0.4095906;3.480696;-0.5286448;-0.3645763;3.282985;-0.3723367;-0.3117088;3.521703;
0.3465755;-0.3422213;3.366103;0.1164872;-0.3730049;3.529701;-0.1120559;-0.4097555;3.480609;-0.5286589;-0.3642668;3.27839;-0.3743615;-0.3088931;3.521109;
0.3465751;-0.3420837;3.365847;0.1167112;-0.3721677;3.529527;-0.1119646;-0.4097415;3.480558;-0.5287524;-0.3630374;3.276034;-0.380311;-0.330318;3.527887;
0.3419036;-0.3408214;3.364467;0.1158379;-0.3759857;3.530884;-0.1119863;-0.4098502;3.480413;-0.5288317;-0.3632209;3.277153;-0.3723213;-0.3338827;3.531549;
0.3421847;-0.3414326;3.363024;0.116622;-0.3747949;3.530408;-0.1119455;-0.4098516;3.480259;-0.5282298;-0.3633737;3.270851;-0.3691349;-0.3363518;3.526791;
0.3414814;-0.341234;3.363803;0.115141;-0.3752324;3.531564;-0.1119218;-0.4097992;3.48006;-0.5296221;-0.3641167;3.274617;-0.3654856;-0.3380755;3.525564;
0.3437825;-0.3433148;3.367087;0.1220918;-0.3380775;3.526156;-0.1118996;-0.4097354;3.479915;-0.5297222;-0.363856;3.274801;-0.3683189;-0.3186417;3.519201;
0.3422905;-0.3414583;3.365102;0.1164223;-0.3640662;3.528573;-0.1118477;-0.4096915;3.479737;-0.5296124;-0.3637262;3.274684;-0.3654988;-0.328646;3.524595;
0.3429184;-0.3413798;3.363601;0.06695265;-0.3617602;3.539623;-0.1118932;-0.4109542;3.479034;-0.5297017;-0.3638558;3.274755;-0.3664964;-0.3279128;3.526744;
0.3438072;-0.3404674;3.363619;0.1207587;-0.3869233;3.532295;-0.1119835;-0.4111763;3.478836;-0.53019;-0.3637927;3.2751;-0.3684443;-0.3270709;3.522184;
0.3430043;-0.3400731;3.364262;0.05225584;-0.3709676;3.532054;-0.1119286;-0.411034;3.478774;-0.5302907;-0.3638424;3.275682;-0.3677118;-0.3285111;3.522387;
0.3414326;-0.3405097;3.365142;0.05245078;-0.3718672;3.530935;-0.1116948;-0.4110085;3.478534;-0.5305691;-0.3634441;3.276745;-0.3717281;-0.3353985;3.530007;
0.3421427;-0.34068;3.363932;0.1167053;-0.369853;3.520544;-0.1116146;-0.4110441;3.478527;-0.5306215;-0.3634302;3.276812;-0.3716476;-0.3340913;3.531049;
0.3430123;-0.3404126;3.361378;0.1174481;-0.3710993;3.521383;-0.1113682;-0.4111701;3.478368;-0.5309703;-0.3635842;3.278053;-0.3826022;-0.3034281;3.507687;
0.3423461;-0.3403709;3.361508;0.1250879;-0.3494252;3.522325;-0.1109912;-0.410763;3.478344;-0.530939;-0.3636778;3.278528;-0.3788525;-0.3266451;3.526959;
0.3396344;-0.3408547;3.361901;0.1104694;-0.376968;3.530126;-0.1110201;-0.4103673;3.478131;-0.5311276;-0.3635458;3.27916;-0.374747;-0.3240199;3.537495;
0.3415619;-0.3421242;3.3641;0.0517109;-0.3629068;3.513242;-0.111001;-0.4103927;3.478107;-0.5311746;-0.3635202;3.279953;-0.374492;-0.3245687;3.53862;
0.3368155;-0.340546;3.367468;0.1275774;-0.3418835;3.521441;-0.1109373;-0.4105886;3.478118;-0.5318057;-0.361126;3.273684;-0.3644699;-0.3276211;3.5366;
0.3367646;-0.3409373;3.367771;0.1268971;-0.3401471;3.521688;-0.1108688;-0.4106594;3.478152;-0.5318652;-0.3614394;3.274708;-0.3652371;-0.3276519;3.536674;
0.3398441;-0.3400218;3.366798;0.1268441;-0.3401422;3.521696;-0.1110151;-0.4105893;3.477972;-0.5318642;-0.3617372;3.279033;-0.3649002;-0.3302817;3.535607;
0.3412425;-0.3392537;3.363929;0.1236214;-0.362477;3.515465;-0.1109875;-0.4105253;3.477973;-0.5319347;-0.3617636;3.27897;-0.372979;-0.3349814;3.532207;
0.3392354;-0.3402109;3.364397;0.1151622;-0.3720878;3.521547;-0.1111948;-0.4106517;3.477823;-0.5316049;-0.3619671;3.278358;-0.3723;-0.3095587;3.518035;
0.3366423;-0.339936;3.363566;0.1130292;-0.3715301;3.525298;-0.1111882;-0.4105946;3.477771;-0.5314334;-0.3614982;3.278758;-0.3434179;-0.3125161;3.530971;
0.3360441;-0.3396905;3.359426;0.1161256;-0.3752254;3.524059;-0.1111749;-0.41062;3.477731;-0.5313468;-0.3612303;3.278212;-0.3574781;-0.3235811;3.531944;
0.3342772;-0.3408627;3.360378;0.1219111;-0.3531358;3.523446;-0.1113907;-0.4111159;3.477659;-0.53124;-0.3612508;3.27811;-0.3608748;-0.3284423;3.525256;
0.3342993;-0.3410606;3.360906;0.1166255;-0.3615355;3.527608;-0.1115071;-0.4110404;3.477504;-0.5312089;-0.3611779;3.277665;-0.3612365;-0.3276082;3.524483;
0.3337458;-0.3413016;3.360354;0.1126296;-0.362464;3.528699;-0.1115256;-0.4110481;3.477467;-0.5308649;-0.3618211;3.277625;-0.3527694;-0.3184519;3.526894;
0.3366887;-0.3449265;3.361244;0.1223857;-0.3455991;3.525438;-0.1114474;-0.4111468;3.477339;-0.5304257;-0.3622599;3.277998;-0.3554362;-0.3232891;3.523203;
0.3375193;-0.3455356;3.358443;0.1227618;-0.344054;3.524869;-0.1114376;-0.4110444;3.477378;-0.5303533;-0.3633582;3.279028;-0.355378;-0.3238178;3.523312;
0.3375075;-0.3454949;3.358473;0.1165249;-0.3607717;3.521491;-0.1114119;-0.4106684;3.477581;-0.5301194;-0.3629313;3.277081;-0.3569842;-0.3294479;3.523374;
0.336296;-0.344498;3.360882;0.1127397;-0.3627828;3.52364;-0.1114113;-0.4106729;3.47758;-0.5297819;-0.3625362;3.272509;-0.3814501;-0.3377142;3.505531;
0.3354799;-0.3444738;3.361527;0.05164096;-0.3627048;3.526187;-0.1113476;-0.4106667;3.477666;-0.5295445;-0.3633856;3.272847;-0.3679312;-0.3075534;3.507097;
0.3349419;-0.3443478;3.361134;0.05203851;-0.3725742;3.520356;-0.1113578;-0.4106653;3.477666;-0.529828;-0.3638926;3.273699;-0.3616369;-0.3246619;3.518109;
0.3343144;-0.3447911;3.361838;0.1080357;-0.3811316;3.532513;-0.1113053;-0.4107083;3.477735;-0.5281712;-0.3660622;3.276726;-0.3717363;-0.3075266;3.514162;
0.3374768;-0.3419885;3.356864;0.119865;-0.3858301;3.529833;-0.1108026;-0.4104676;3.478091;-0.5271138;-0.3672842;3.277134;-0.3455326;-0.3359136;3.538517;
0.3388033;-0.3440726;3.35539;0.06674787;-0.3787762;3.537179;-0.1107502;-0.4104187;3.478179;-0.526823;-0.3675063;3.277452;-0.3498773;-0.334139;3.532266;
0.3397671;-0.3441123;3.355916;0.06592623;-0.3752314;3.535823;-0.1105372;-0.4103159;3.478411;-0.5248982;-0.3698431;3.279188;-0.351475;-0.3312942;3.531032;
0.3382525;-0.3438347;3.357588;0.06373551;-0.3759018;3.534281;-0.110408;-0.4103382;3.478643;-0.5255249;-0.3697441;3.278901;-0.3499713;-0.3299247;3.532284;
0.3386914;-0.3435987;3.355875;0.1262896;-0.3852197;3.514815;-0.1100886;-0.4096884;3.478879;-0.5264198;-0.3712417;3.275482;-0.3415175;-0.3135008;3.531119;
0.340276;-0.3418311;3.3565;0.1242373;-0.3846556;3.522649;-0.1100471;-0.4097244;3.478932;-0.5278454;-0.3708307;3.276749;-0.3491137;-0.3284517;3.520899;
0.3421559;-0.3426006;3.357505;0.1216808;-0.3835911;3.524596;-0.1100253;-0.4091566;3.479023;-0.5281643;-0.3704837;3.277403;-0.3689075;-0.3086731;3.518291;
0.3422004;-0.3425119;3.357127;0.1217031;-0.3839453;3.524673;-0.1100348;-0.4091493;3.479067;-0.5285464;-0.370347;3.277396;-0.3679151;-0.3181039;3.51992;
0.3424738;-0.3443971;3.35676;0.1218088;-0.3817341;3.524679;-0.1100528;-0.4090743;3.479053;-0.5278906;-0.3697087;3.281328;-0.3695138;-0.3285954;3.52355;
0.3408327;-0.3437327;3.35904;0.1156042;-0.3833474;3.527438;-0.1100429;-0.4093633;3.479064;-0.5276433;-0.3710323;3.287209;-0.3685989;-0.3135968;3.524248;
0.3420266;-0.3444443;3.359041;0.1162488;-0.3826215;3.528635;-0.1100492;-0.4090642;3.479141;-0.5279241;-0.3717366;3.283713;-0.368422;-0.3173746;3.524193;
0.3366064;-0.345909;3.360667;0.1102944;-0.3733205;3.529846;-0.1098091;-0.4089683;3.479396;-0.5279132;-0.3720341;3.284672;-0.3693277;-0.32956;3.533249;
0.3366591;-0.3461988;3.360807;0.1102973;-0.3747398;3.531971;-0.1097931;-0.4090208;3.479347;-0.5274418;-0.3718549;3.284165;-0.3668372;-0.2988687;3.523573;
0.3365588;-0.3462249;3.360667;0.110473;-0.3751949;3.532031;-0.1097822;-0.4089209;3.479367;-0.5271015;-0.3719412;3.288713;-0.3618717;-0.3228344;3.541867;
0.3344064;-0.3477882;3.361485;0.1084135;-0.3723851;3.533876;-0.1101143;-0.4083771;3.479227;-0.5273232;-0.3739752;3.318135;-0.3681134;-0.3046381;3.52809;
0.3379205;-0.3472458;3.35758;0.1150539;-0.3767791;3.524205;-0.1100866;-0.408455;3.479131;-0.5278162;-0.3748031;3.318927;-0.3668151;-0.3032329;3.52199;
0.3389385;-0.345797;3.357781;0.114996;-0.3747886;3.523251;-0.1100287;-0.4089233;3.479112;-0.5282493;-0.374855;3.319013;-0.3672531;-0.3030129;3.522064;
0.3388306;-0.3458151;3.357769;0.1265023;-0.3419535;3.51971;-0.1100631;-0.4088736;3.479103;-0.5283374;-0.3750541;3.319137;-0.3705089;-0.30262;3.525178;
0.3411526;-0.3466457;3.356857;0.127075;-0.3423434;3.519639;-0.1100554;-0.4088742;3.479089;-0.5342567;-0.372983;3.31257;-0.3626795;-0.3139631;3.527324;
0.3405734;-0.346552;3.356357;0.1282127;-0.3418033;3.519694;-0.1100715;-0.4088756;3.479061;-0.5348744;-0.3722765;3.312877;-0.3628674;-0.3141005;3.527957;
0.3405584;-0.3465606;3.356349;0.1205583;-0.3553748;3.523166;-0.1100649;-0.4088828;3.479056;-0.5349547;-0.3726569;3.313555;-0.3621502;-0.315553;3.530228;
0.3401223;-0.3466188;3.355787;0.123546;-0.3505305;3.521937;-0.1098844;-0.40884;3.478838;-0.5350994;-0.3722672;3.31112;-0.3607226;-0.3214167;3.529469;
0.3410573;-0.3459889;3.354727;0.1216184;-0.3655183;3.525538;-0.1098588;-0.4094586;3.478844;-0.535874;-0.3712303;3.31344;-0.3541355;-0.3258561;3.531393;
0.3350681;-0.3460635;3.356759;0.1147845;-0.3647816;3.528321;-0.1098341;-0.4088822;3.479028;-0.5347632;-0.3715273;3.313528;-0.3530073;-0.3288911;3.538125;
0.3486535;-0.3412896;3.342195;0.09434114;-0.3650061;3.533348;-0.109825;-0.4090853;3.47903;-0.5348531;-0.3714793;3.313755;-0.3515076;-0.3299761;3.536639;
0.3480638;-0.3410464;3.343042;0.07432184;-0.3670365;3.530474;-0.1098429;-0.4090852;3.479044;-0.5339531;-0.3726858;3.315705;-0.3512245;-0.3303025;3.537531;
0.3449784;-0.3411613;3.347237;0.06977028;-0.3686263;3.52888;-0.1096972;-0.4087346;3.479019;-0.5333989;-0.3731021;3.317196;-0.3497674;-0.3317448;3.536842;
0.3423119;-0.3403994;3.348976;0.06809808;-0.3691464;3.527735;-0.1099879;-0.4088787;3.478908;-0.5333838;-0.3732355;3.316969;-0.3500378;-0.3305023;3.544363;
0.3365067;-0.3412477;3.34916;0.1062023;-0.3711905;3.522254;-0.1100796;-0.4087965;3.478898;-0.5350474;-0.3723483;3.318218;-0.3526737;-0.3216996;3.539012;
0.3383883;-0.3432679;3.350246;0.06905594;-0.3672939;3.527585;-0.1100906;-0.4088975;3.478837;-0.534771;-0.3725129;3.318048;-0.3506082;-0.3266809;3.538323;
0.3396127;-0.3405862;3.346838;0.07116177;-0.3667836;3.529115;-0.1101067;-0.4089698;3.478734;-0.5351507;-0.3720783;3.317419;-0.3540934;-0.3302544;3.546888;
0.3345595;-0.3394685;3.351692;0.0896778;-0.3625624;3.529568;-0.1101656;-0.4088633;3.478891;-0.5350066;-0.3721173;3.316967;-0.3541245;-0.3314409;3.546592;
0.3371031;-0.3389279;3.348332;0.07798054;-0.3687567;3.529562;-0.1103017;-0.4088151;3.479019;-0.5349773;-0.3719011;3.315829;-0.3545225;-0.332708;3.546477;
0.3384539;-0.3386163;3.347874;0.07677056;-0.3685626;3.53036;-0.1102752;-0.4087805;3.479093;-0.5349464;-0.371725;3.316005;-0.354682;-0.3339193;3.547127;
0.3376964;-0.3378554;3.349659;0.06746315;-0.3702704;3.530869;-0.110428;-0.4087559;3.479136;-0.5350063;-0.3712537;3.316218;-0.3546104;-0.3346543;3.547387;
0.3387425;-0.3376683;3.349214;0.06751634;-0.3721929;3.530544;-0.1105006;-0.4087744;3.479125;-0.5369081;-0.3700595;3.312192;-0.3567684;-0.3360948;3.548412;
0.3396301;-0.338015;3.348532;0.0684665;-0.3731939;3.530671;-0.1105874;-0.4089068;3.479214;-0.5395547;-0.3693734;3.317147;-0.3650514;-0.3147001;3.541497;
0.3380484;-0.3386335;3.35131;0.05942998;-0.3711779;3.520296;-0.1105247;-0.4087684;3.479174;-0.5389652;-0.3691477;3.318962;-0.3556373;-0.321188;3.541954;
0.334729;-0.3387009;3.352878;0.1016467;-0.3690056;3.524643;-0.1105254;-0.4087673;3.479185;-0.5390961;-0.3691403;3.318932;-0.3592999;-0.3195202;3.540549;
0.3392437;-0.3394126;3.346317;0.08679037;-0.3671319;3.530048;-0.1105966;-0.4087849;3.479221;-0.5391302;-0.3689237;3.319091;-0.3593268;-0.3215631;3.542957;
0.3338784;-0.3400892;3.34926;0.09594177;-0.3628479;3.530558;-0.1105207;-0.4097418;3.479168;-0.5403888;-0.3687851;3.320096;-0.3601496;-0.3197711;3.54267;
0.3324528;-0.3404959;3.349156;0.1066196;-0.3760476;3.529092;-0.1106558;-0.4096985;3.479153;-0.5438097;-0.3687927;3.317858;-0.3580546;-0.3294544;3.54687;
0.3323468;-0.3411188;3.350531;0.1062102;-0.3734998;3.529264;-0.1105674;-0.4097764;3.479007;-0.5438412;-0.3686912;3.317853;-0.3596464;-0.3305723;3.551482;
0.3316901;-0.3408548;3.34991;0.1077068;-0.3749073;3.530735;-0.1105624;-0.4097873;3.478997;-0.5437354;-0.3686618;3.318585;-0.358619;-0.3288515;3.544115;
0.3313102;-0.3391615;3.347733;0.07746879;-0.3714654;3.525618;-0.1105876;-0.4097937;3.478971;-0.5459669;-0.3676346;3.314765;-0.3807757;-0.3065069;3.52261;
0.3299314;-0.3399937;3.349195;0.06527132;-0.3739046;3.52221;-0.1106223;-0.4094256;3.478913;-0.54612;-0.3686461;3.317844;-0.3798494;-0.3063458;3.522752;
0.3300205;-0.3399878;3.349889;0.06310885;-0.373739;3.521907;-0.1107551;-0.4093789;3.478884;-0.5461282;-0.368565;3.317557;-0.3775441;-0.3054379;3.524911;
0.3281242;-0.3396541;3.351996;0.09379601;-0.3662962;3.527954;-0.1107088;-0.4093882;3.478873;-0.5454304;-0.3689807;3.317589;-0.3764678;-0.3038245;3.525098;
0.3281771;-0.3397335;3.352211;0.06117552;-0.3681268;3.52357;-0.1107438;-0.4091217;3.478862;-0.5441177;-0.3688036;3.318628;-0.3757481;-0.3041925;3.526142;
0.3293771;-0.3406139;3.349346;0.0614981;-0.367391;3.523889;-0.1107976;-0.4097955;3.478712;-0.5448321;-0.3679378;3.314966;-0.3749295;-0.3055573;3.521149;
0.3292904;-0.3406464;3.349599;0.1104621;-0.385966;3.521866;-0.1108148;-0.4093564;3.478725;-0.5449694;-0.3677975;3.314986;-0.3748833;-0.3054428;3.521355;
0.3339035;-0.3412564;3.345381;0.07930067;-0.3802206;3.521746;-0.1106892;-0.4090811;3.478688;-0.545038;-0.3680758;3.315606;-0.3746269;-0.3052958;3.522145;
0.3360246;-0.3414708;3.343603;0.1207605;-0.3679749;3.510517;-0.1107309;-0.409138;3.478455;-0.5449139;-0.368132;3.315693;-0.3724483;-0.3077224;3.527422;
0.3331638;-0.3423462;3.348115;0.1138601;-0.3763869;3.520729;-0.1106895;-0.4090053;3.47843;-0.5436466;-0.3680665;3.316635;-0.3725585;-0.3077607;3.527538;
0.3315111;-0.3424191;3.350875;0.1180533;-0.3402705;3.523086;-0.1105053;-0.4084316;3.478707;-0.5432254;-0.368453;3.316544;-0.3721186;-0.3053523;3.527798;
0.3368756;-0.3385682;3.344402;0.1276459;-0.375248;3.520961;-0.1104502;-0.4086054;3.478504;-0.541581;-0.3682404;3.317678;-0.3727399;-0.3035542;3.526392;
0.3402092;-0.33829;3.338975;0.08266044;-0.3753443;3.533769;-0.1103957;-0.4083374;3.478269;-0.540148;-0.3692417;3.320397;-0.362588;-0.3037704;3.531919;
0.3385432;-0.3384695;3.341297;0.0742163;-0.3759831;3.533947;-0.1104573;-0.4084261;3.478229;-0.5390019;-0.3692144;3.319735;-0.3610129;-0.3072854;3.547755;
0.3345394;-0.3382462;3.340773;0.1136569;-0.3700065;3.529694;-0.1105103;-0.4090613;3.477996;-0.5388284;-0.3689775;3.320451;-0.3659141;-0.3055267;3.545026;
0.3372574;-0.3385289;3.340401;0.1176613;-0.3745233;3.527336;-0.1104344;-0.4090197;3.477907;-0.5382308;-0.368761;3.319288;-0.3666099;-0.3081328;3.54649;
0.334615;-0.3394899;3.343346;0.05408984;-0.3714381;3.510998;-0.110506;-0.4087863;3.478015;-0.538183;-0.3686183;3.317885;-0.3626296;-0.3155338;3.547323;
0.3363553;-0.3387819;3.341486;0.1212238;-0.3768001;3.512893;-0.110405;-0.4090134;3.478015;-0.5375951;-0.3685358;3.318579;-0.3622711;-0.3151197;3.547049;
0.3362198;-0.3390772;3.341985;0.1200228;-0.3743449;3.516947;-0.1106515;-0.4084252;3.47842;-0.5378231;-0.3685793;3.318679;-0.3651827;-0.3101031;3.544992;
0.3380885;-0.3388144;3.342454;0.1265384;-0.3514265;3.51508;-0.1106508;-0.4084277;3.478423;-0.537358;-0.3683624;3.317538;-0.3701637;-0.3064401;3.531993;
0.3299115;-0.3393124;3.351897;0.1260815;-0.3474145;3.517527;-0.1103939;-0.4088737;3.478403;-0.5377988;-0.3683018;3.317832;-0.3716639;-0.3042487;3.529545;
0.3293386;-0.3399471;3.352262;0.1231916;-0.3439434;3.519498;-0.1104423;-0.4087589;3.478363;-0.5411162;-0.3675642;3.31585;-0.3723559;-0.3043475;3.528715;
0.3336836;-0.3407608;3.351861;0.1219233;-0.3416827;3.520853;-0.1105487;-0.4088134;3.47831;-0.5402302;-0.3691723;3.318914;-0.3727368;-0.3038953;3.529338;
0.3320573;-0.3398501;3.353472;0.1211989;-0.3403166;3.521246;-0.1104999;-0.4093235;3.478214;-0.5415525;-0.3711298;3.324126;-0.3724695;-0.3037712;3.528753;
0.3372626;-0.3378758;3.349038;0.1194336;-0.3387476;3.522338;-0.1105291;-0.4094808;3.478167;-0.5428878;-0.3699572;3.322426;-0.3723733;-0.3035568;3.528574;
0.3342118;-0.3374586;3.351276;0.1194116;-0.3388244;3.522421;-0.1104311;-0.4096702;3.478261;-0.5430407;-0.3700302;3.322244;-0.3724711;-0.303459;3.528107;
0.3374608;-0.3379695;3.348909;0.1219705;-0.3576399;3.521223;-0.1101865;-0.4095022;3.478585;-0.5465276;-0.367997;3.321701;-0.3724633;-0.3034546;3.528106;
0.3392699;-0.3372768;3.348545;0.1220539;-0.3616936;3.519393;-0.1101952;-0.4095036;3.478591;-0.5456139;-0.3685208;3.321052;-0.3729443;-0.3031029;3.52723;
0.3419032;-0.3363473;3.343503;0.08486856;-0.3682624;3.532619;-0.1102322;-0.4096253;3.478519;-0.5461015;-0.3684777;3.319986;-0.3717758;-0.3036416;3.525993;
0.3429209;-0.3383367;3.344864;0.1086258;-0.379106;3.523664;-0.1102729;-0.4096821;3.478563;-0.5442593;-0.3687739;3.320597;-0.3717065;-0.3032829;3.526179;
0.3316143;-0.3401414;3.352527;0.1067578;-0.3784282;3.525244;-0.1102753;-0.4104824;3.478483;-0.544966;-0.3694232;3.319464;-0.3620045;-0.31706;3.541167;
0.3308896;-0.3403462;3.353248;0.1073411;-0.379367;3.52527;-0.1102638;-0.410656;3.478451;-0.5480348;-0.3685235;3.32104;-0.361675;-0.3232926;3.541015;
0.3307319;-0.3402987;3.353508;0.1078828;-0.3777367;3.527963;-0.1102041;-0.41059;3.478465;-0.5513574;-0.3682007;3.32729;-0.3615981;-0.3188026;3.542983;
0.3307203;-0.3403471;3.353513;0.05654949;-0.3768001;3.526674;-0.1102468;-0.4105912;3.478457;-0.5513498;-0.3680248;3.327327;-0.3579837;-0.3328182;3.552515;
0.337347;-0.3403636;3.346124;0.1291782;-0.3775311;3.520478;-0.1102759;-0.4107253;3.478428;-0.5519262;-0.3682966;3.325976;-0.3581499;-0.3332136;3.549707;
0.3395042;-0.3392977;3.342592;0.07576481;-0.3768199;3.528339;-0.1104075;-0.410241;3.478618;-0.5509926;-0.3687904;3.322898;-0.3688156;-0.3135279;3.536032;
0.3409615;-0.3377794;3.342779;0.120271;-0.3811073;3.52514;-0.1104114;-0.4100387;3.478731;-0.5456803;-0.3701735;3.320989;-0.3698797;-0.3110198;3.532925;
0.3371289;-0.3390985;3.346221;0.05850071;-0.372283;3.531833;-0.1102529;-0.4093919;3.478636;-0.5443169;-0.3708774;3.323544;-0.3710911;-0.3074514;3.531028;
0.332029;-0.3406017;3.35278;0.1290652;-0.3383045;3.51964;-0.1103328;-0.4094871;3.478577;-0.5442882;-0.3709423;3.321063;-0.3712809;-0.3061644;3.529213;
0.334188;-0.3404899;3.352026;0.06661108;-0.377412;3.536664;-0.1103442;-0.4095266;3.478574;-0.5439017;-0.373054;3.322911;-0.372265;-0.3041373;3.527418;
0.3396834;-0.3415496;3.355368;0.1196701;-0.3813537;3.529494;-0.1103149;-0.4091608;3.478708;-0.5437839;-0.3729539;3.323151;-0.3721986;-0.3039232;3.527294;
0.3401695;-0.3417169;3.355645;0.05808204;-0.3730517;3.527597;-0.1104482;-0.4090352;3.478745;-0.5448536;-0.3720824;3.322788;-0.3720708;-0.3035773;3.527214;
0.3371762;-0.3418025;3.360428;0.0952033;-0.364159;3.529343;-0.1105086;-0.4091325;3.478792;-0.546564;-0.3738722;3.327562;-0.3722652;-0.3025865;3.526776;
0.3389325;-0.342116;3.35966;0.1106587;-0.3736632;3.529607;-0.1105409;-0.409163;3.478829;-0.5464157;-0.3729295;3.324744;-0.3729622;-0.3025526;3.526294;
0.3378719;-0.3425206;3.359337;0.1259812;-0.3413334;3.523781;-0.1104307;-0.4090581;3.478812;-0.5475396;-0.3722535;3.32393;-0.3730587;-0.3027192;3.525843;
0.3408721;-0.3438384;3.360807;0.1271358;-0.3406008;3.523212;-0.1105595;-0.4093646;3.478917;-0.55019;-0.3709514;3.318578;-0.3735949;-0.303147;3.524744;
0.3422026;-0.3426703;3.359475;0.1276748;-0.3405992;3.522753;-0.1106798;-0.4094017;3.478921;-0.5507134;-0.3714927;3.318042;-0.3729079;-0.3119352;3.532939;
0.3412547;-0.3423479;3.359019;0.1284921;-0.3408122;3.522308;-0.1107158;-0.4094047;3.478932;-0.5540206;-0.3697928;3.315417;-0.3729906;-0.3127357;3.533095;
0.342213;-0.3418028;3.357956;0.1286028;-0.3406834;3.522285;-0.110716;-0.4094145;3.478942;-0.555355;-0.3694863;3.314372;-0.3759537;-0.3126375;3.528848;
0.3419307;-0.3421642;3.356139;0.1286075;-0.340427;3.522272;-0.1106231;-0.40951;3.478941;-0.5567611;-0.3697233;3.314842;-0.3763176;-0.3110398;3.527993;
0.3341448;-0.3424747;3.355727;0.1293197;-0.3413608;3.522077;-0.1106054;-0.4097565;3.478911;-0.5563108;-0.3694887;3.313689;-0.3760534;-0.3105612;3.528502;
0.3337839;-0.3400722;3.351664;0.1224617;-0.3609831;3.520625;-0.1106347;-0.4097685;3.478936;-0.5569116;-0.3690786;3.312668;-0.3759367;-0.3096534;3.529325;
0.3267405;-0.3404709;3.35602;0.1104606;-0.3678146;3.524925;-0.1105915;-0.4097664;3.478875;-0.5569461;-0.3691806;3.312654;-0.3761277;-0.3090176;3.527999;
0.3387446;-0.3418962;3.343616;0.1229552;-0.37651;3.523977;-0.1104774;-0.4099742;3.478901;-0.5587178;-0.3684378;3.312867;-0.3753452;-0.3284714;3.529758;
0.3399092;-0.3405823;3.338797;0.1001684;-0.3760519;3.532981;-0.1104997;-0.4100159;3.478891;-0.5549279;-0.3707151;3.311773;-0.3611542;-0.3400741;3.541542;
0.3401743;-0.3410655;3.340225;0.1120776;-0.3782496;3.529427;-0.1103737;-0.4096878;3.478911;-0.5501556;-0.3728391;3.311237;-0.3523591;-0.3271121;3.547382;
0.3404557;-0.3424203;3.34156;0.1193202;-0.381546;3.52592;-0.1101193;-0.4099374;3.479066;-0.5475812;-0.3727412;3.317056;-0.3544246;-0.3236147;3.546071;
0.3352698;-0.3448017;3.349336;0.1138525;-0.3813815;3.532106;-0.1101051;-0.409865;3.479048;-0.5534639;-0.3690462;3.311484;-0.3794914;-0.3103913;3.515934;
0.3373908;-0.3445447;3.348914;0.1185111;-0.3760399;3.524346;-0.1100864;-0.4098605;3.478999;-0.5522273;-0.3696394;3.316287;-0.3793856;-0.3103267;3.515971;
0.3355365;-0.34434;3.349967;0.1156832;-0.3814353;3.525746;-0.1100895;-0.4098572;3.479048;-0.5524216;-0.3697393;3.315333;-0.3762989;-0.3093809;3.523981;
0.3378549;-0.343964;3.349868;0.1167356;-0.3814052;3.523011;-0.1096983;-0.4109793;3.478679;-0.5517744;-0.3681494;3.309132;-0.3589292;-0.319512;3.532111;
0.3366812;-0.3423849;3.348536;0.1179287;-0.3794184;3.523709;-0.1096993;-0.4109837;3.478679;-0.5471073;-0.3718236;3.317366;-0.3634105;-0.3151387;3.531103;
0.3333919;-0.341205;3.350471;0.1168904;-0.3816402;3.522988;-0.1100269;-0.4102809;3.478773;-0.5469961;-0.3721045;3.318509;-0.3639715;-0.3122839;3.525261;
0.33392;-0.3402665;3.351177;0.06177631;-0.3815301;3.531803;-0.1100883;-0.410247;3.478711;-0.545884;-0.3733101;3.319686;-0.3682368;-0.3077425;3.524674;
0.3355127;-0.3413103;3.349487;0.1253439;-0.3843889;3.512745;-0.1102201;-0.4098955;3.478805;-0.5464218;-0.3727567;3.318117;-0.3671501;-0.3078927;3.523591;
0.3375971;-0.3415582;3.350925;0.1219726;-0.3836888;3.512617;-0.1101967;-0.4097164;3.478818;-0.5456806;-0.3726575;3.31781;-0.3699376;-0.3224389;3.530531;
0.3295443;-0.3436028;3.351226;0.1304185;-0.347336;3.516926;-0.1102891;-0.4096532;3.478677;-0.5453508;-0.372624;3.318181;-0.3673919;-0.3340252;3.535303;
0.3298643;-0.3437423;3.351263;0.1188592;-0.3728941;3.526823;-0.1101056;-0.4095283;3.478539;-0.5451168;-0.372561;3.317233;-0.3609722;-0.3097871;3.508491;
0.3333913;-0.3437522;3.349712;0.1205504;-0.3766748;3.521916;-0.1100719;-0.4095984;3.47849;-0.5480182;-0.372247;3.317177;-0.3673765;-0.3332795;3.518641;
0.3371731;-0.3443638;3.347112;0.1214485;-0.3768733;3.521353;-0.1099225;-0.4094858;3.478491;-0.5476015;-0.3719838;3.31677;-0.3689697;-0.3396834;3.523072;
0.3331714;-0.3448423;3.351924;0.1266547;-0.3429144;3.521327;-0.1099844;-0.4092112;3.478502;-0.5468886;-0.3719656;3.317183;-0.368492;-0.3399816;3.523454;
0.3343607;-0.3457289;3.351967;0.1228413;-0.3385324;3.521479;-0.109786;-0.410481;3.477754;-0.5489208;-0.3706237;3.314868;-0.3698927;-0.3394425;3.526077;
0.3380419;-0.341578;3.348103;0.1250065;-0.3383947;3.520391;-0.1098314;-0.4104412;3.477641;-0.5510414;-0.3694844;3.313639;-0.3657157;-0.3378429;3.52794;
0.3354231;-0.3413171;3.349029;0.1251791;-0.3383618;3.520199;-0.1098148;-0.4103035;3.47762;-0.5501444;-0.3695527;3.314535;-0.3660369;-0.3381057;3.529355;
0.3376063;-0.3416403;3.348277;0.1232154;-0.3574026;3.519067;-0.1097824;-0.4099602;3.477165;-0.5484518;-0.3700175;3.314972;-0.36642;-0.3368412;3.531197;
0.3403682;-0.3436824;3.345428;0.127035;-0.3675293;3.522927;-0.1097102;-0.4099895;3.477039;-0.5455565;-0.3706349;3.316999;-0.3660906;-0.3375519;3.532326;
0.3427941;-0.342376;3.326885;0.1009392;-0.3866704;3.536842;-0.1097564;-0.4099662;3.477063;-0.5454098;-0.3708723;3.318016;-0.3657284;-0.3400513;3.537504;
0.3433369;-0.3473241;3.332749;0.07652634;-0.3716828;3.527953;-0.1096639;-0.4096268;3.476873;-0.5494673;-0.3671341;3.315665;-0.3674836;-0.3382636;3.538663;
0.343489;-0.3473882;3.33287;0.1284155;-0.3815605;3.518364;-0.1096753;-0.4094434;3.476757;-0.5507197;-0.3679976;3.308562;-0.376851;-0.3358872;3.532894;
0.3352174;-0.3496864;3.339597;0.05827042;-0.3705621;3.512723;-0.1097527;-0.409248;3.476666;-0.5504819;-0.3680623;3.308797;-0.3764392;-0.3364096;3.532841;
0.3351789;-0.3503852;3.340782;0.05723459;-0.3732983;3.512919;-0.109732;-0.4100882;3.47644;-0.5493935;-0.3685803;3.311451;-0.3750969;-0.3367765;3.53273;
0.3280026;-0.3524346;3.349445;0.09060655;-0.3812747;3.53166;-0.109762;-0.4104649;3.476323;-0.5482763;-0.3707225;3.318261;-0.3624366;-0.3330628;3.546572;
0.3309533;-0.3530829;3.348661;0.06782608;-0.3844565;3.52094;-0.1097569;-0.410571;3.476243;-0.5478858;-0.3705271;3.318933;-0.3630638;-0.3342195;3.547472;
0.3358187;-0.3536995;3.344859;0.0692664;-0.3776848;3.525647;-0.1098505;-0.4109519;3.475707;-0.5475305;-0.3705473;3.319128;-0.3612829;-0.3321579;3.545775;
0.3354962;-0.353056;3.344191;0.06659561;-0.3750454;3.521433;-0.1102157;-0.4100631;3.475734;-0.5469101;-0.3708197;3.320141;-0.358975;-0.3314714;3.543988;
0.333961;-0.3530519;3.345955;0.06013707;-0.3748498;3.523333;-0.11021;-0.4100696;3.475743;-0.5534615;-0.3703979;3.317213;-0.3887482;-0.3047065;3.515739;
0.3382547;-0.3519337;3.339058;0.06374798;-0.370369;3.523823;-0.1102887;-0.4096667;3.475671;-0.5530094;-0.3713143;3.317351;-0.3713125;-0.3272234;3.543935;
0.3368048;-0.350709;3.3444;0.06158714;-0.3716686;3.522027;-0.1102302;-0.4097389;3.4758;-0.5528494;-0.3717107;3.317014;-0.3710344;-0.3300959;3.536883;
0.3310483;-0.3500984;3.346292;0.0947938;-0.36909;3.518896;-0.1102742;-0.4100075;3.475788;-0.5534975;-0.3693768;3.318244;-0.385036;-0.3014737;3.51377;
0.3373731;-0.3517552;3.332681;0.09150264;-0.3673735;3.521887;-0.1102678;-0.4098699;3.475877;-0.5526364;-0.3694482;3.318097;-0.3733214;-0.3187547;3.535124;
0.327868;-0.3517479;3.342051;0.09199269;-0.3673256;3.521997;-0.1103358;-0.4098306;3.475966;-0.5530245;-0.3695641;3.319615;-0.3673238;-0.3277722;3.543812;
0.3340451;-0.3531354;3.339937;0.07991403;-0.3656496;3.528352;-0.1103176;-0.4097495;3.476013;-0.5527657;-0.3685668;3.319213;-0.3672633;-0.3309564;3.542409;
0.3361656;-0.3540311;3.339896;0.07742218;-0.3643427;3.52615;-0.1102815;-0.4099254;3.475954;-0.5546039;-0.3676594;3.320706;-0.3672346;-0.3333878;3.54251;
0.3325559;-0.3537357;3.341843;0.06138517;-0.3756083;3.52004;-0.1104543;-0.4100387;3.475915;-0.5546044;-0.3682354;3.321075;-0.3660562;-0.3326156;3.543081;
0.3320274;-0.3534023;3.343349;0.05808789;-0.3725666;3.518678;-0.1105273;-0.4101395;3.475906;-0.5537488;-0.3689301;3.323256;-0.3647957;-0.3314218;3.536264;
0.3298612;-0.3536814;3.345565;0.05633382;-0.374558;3.517474;-0.1105787;-0.4102235;3.475955;-0.5532371;-0.3690777;3.32392;-0.3608341;-0.3331806;3.540623;
0.3315777;-0.3540206;3.346303;0.1085828;-0.376491;3.521389;-0.1108455;-0.4100943;3.475667;-0.552933;-0.369072;3.323991;-0.3800164;-0.306006;3.522132;
0.3295218;-0.3537226;3.348282;0.1070118;-0.3774447;3.522405;-0.1109537;-0.4101228;3.475611;-0.5562184;-0.3670138;3.322012;-0.3759207;-0.3310756;3.518324;
0.3297666;-0.3542754;3.349494;0.0569886;-0.3644159;3.527118;-0.1111212;-0.4104353;3.475543;-0.5597749;-0.3658011;3.315107;-0.3796007;-0.3385331;3.52247;
0.3332866;-0.3544209;3.346275;0.06534911;-0.3725122;3.532109;-0.1111041;-0.4104221;3.475548;-0.5585047;-0.3670983;3.317811;-0.3830277;-0.3089799;3.517735;
0.337038;-0.3525581;3.342482;0.06726252;-0.3732244;3.532519;-0.1113294;-0.4104992;3.475548;-0.5571395;-0.367469;3.317574;-0.3834999;-0.3090285;3.517696;
0.3367083;-0.3531698;3.344499;0.1073308;-0.3781663;3.515499;-0.1112952;-0.4107374;3.475658;-0.555333;-0.367074;3.313758;-0.3820942;-0.3079277;3.52073;
0.3370807;-0.3536952;3.346051;0.06534298;-0.3751909;3.511935;-0.1113021;-0.4107258;3.475636;-0.5552005;-0.3676672;3.313874;-0.3816082;-0.307869;3.521596;
0.3374645;-0.3539072;3.345093;0.1230235;-0.3740844;3.511724;-0.1113118;-0.4107187;3.475645;-0.552385;-0.3687817;3.315667;-0.3813011;-0.3064194;3.523501;
0.3388052;-0.3554881;3.34793;0.1187496;-0.3737333;3.515314;-0.1113549;-0.4106523;3.475718;-0.5513301;-0.3688948;3.314925;-0.3814441;-0.3061005;3.523219;
0.3390971;-0.3555857;3.348179;0.117564;-0.3501602;3.51919;-0.1113829;-0.4106244;3.475601;-0.5518925;-0.368936;3.31478;-0.3810877;-0.3045552;3.521863;
0.3394649;-0.3551732;3.347971;0.1192935;-0.3635222;3.520132;-0.1115363;-0.4107094;3.475522;-0.546148;-0.375183;3.338972;-0.381853;-0.3058248;3.521094;
0.3418384;-0.3526379;3.340187;0.1223519;-0.3705275;3.52025;-0.1115213;-0.4106262;3.475599;-0.5524781;-0.371625;3.327648;-0.3775897;-0.322951;3.528099;
0.3418528;-0.3527276;3.340448;0.1215217;-0.3713017;3.520591;-0.1115843;-0.4106663;3.475474;-0.5524068;-0.3723987;3.328185;-0.3654382;-0.3329765;3.530339;
0.3420482;-0.3531967;3.339572;0.122243;-0.371346;3.519661;-0.1114986;-0.4107521;3.475474;-0.5514663;-0.3723192;3.327601;-0.3666121;-0.3364097;3.530773;
0.3405653;-0.3536368;3.3417;0.1169828;-0.3462575;3.520883;-0.1115032;-0.4107506;3.475476;-0.5554237;-0.3680445;3.305835;-0.3670719;-0.3369359;3.530364;
0.3413233;-0.352694;3.341803;0.1189393;-0.3657951;3.516332;-0.1116008;-0.4108635;3.475418;-0.5562183;-0.368329;3.305265;-0.3746351;-0.3335386;3.517632;
0.3392411;-0.3531141;3.342549;0.1189238;-0.3686844;3.516572;-0.1116062;-0.4108718;3.475379;-0.5562927;-0.3689508;3.307899;-0.3868113;-0.3138648;3.512101;
0.3396474;-0.352975;3.34293;0.1173148;-0.3723176;3.514678;-0.1116798;-0.41087;3.475339;-0.5569099;-0.3682466;3.308167;-0.3863021;-0.3102265;3.51481;
0.3400603;-0.3531871;3.342924;0.1181173;-0.3728575;3.514462;-0.1116824;-0.4108813;3.475353;-0.5579646;-0.368589;3.309536;-0.3863922;-0.3102942;3.514987;
0.3397523;-0.353785;3.342473;0.1183436;-0.3733525;3.513788;-0.1116294;-0.4109521;3.475357;-0.5580497;-0.3685746;3.309844;-0.3811801;-0.3307583;3.532972;
0.3402112;-0.3537406;3.343169;0.1184729;-0.3737337;3.514542;-0.1115061;-0.4106872;3.475244;-0.5596064;-0.3674282;3.311178;-0.3831914;-0.3161701;3.527557;
0.3411271;-0.3539255;3.342486;0.1179206;-0.3479855;3.519884;-0.1113228;-0.4110279;3.475527;-0.5612417;-0.366311;3.310228;-0.3837453;-0.3404282;3.530799;
0.3424907;-0.3546501;3.344408;0.1176969;-0.3693466;3.511193;-0.1113333;-0.4110681;3.475644;-0.5627424;-0.3677965;3.312745;-0.3817745;-0.3406584;3.534001;
0.3416212;-0.3546375;3.344518;0.06607562;-0.3823438;3.534133;-0.1115908;-0.4114894;3.475528;-0.5658935;-0.3701283;3.337472;-0.3933589;-0.3224082;3.516769;
0.3430529;-0.3556691;3.342373;0.06969597;-0.3806744;3.534794;-0.1116103;-0.4114583;3.475546;-0.5631042;-0.3703426;3.337062;-0.3643436;-0.3519279;3.554547;
0.3425796;-0.355767;3.342576;0.06876034;-0.3809309;3.534702;-0.1116482;-0.411436;3.475548;-0.5646964;-0.3683332;3.329901;-0.3873792;-0.3060376;3.523955;
0.3413209;-0.3557962;3.342992;0.06542197;-0.3821649;3.532343;-0.1117506;-0.4112744;3.47557;-0.5990191;-0.3470286;3.294556;-0.3873017;-0.3065678;3.52336;
0.3431131;-0.3532888;3.336549;0.1322682;-0.3805276;3.510797;-0.1119166;-0.4115006;3.47535;-0.5572036;-0.3710095;3.325975;-0.3867513;-0.3065697;3.524781;
0.3432253;-0.3535562;3.337184;0.06775126;-0.3741812;3.531631;-0.111942;-0.4114651;3.475383;-0.5579013;-0.3712754;3.325727;-0.384508;-0.3060444;3.526482;
0.343119;-0.3540753;3.339333;0.1184682;-0.3785103;3.506423;-0.1119271;-0.4114662;3.475394;-0.5877207;-0.3561107;3.310616;-0.3848125;-0.3063613;3.526103;
0.3434015;-0.3550541;3.340392;0.06375048;-0.3698945;3.53413;-0.111887;-0.4114149;3.475499;-0.565993;-0.3673673;3.31612;-0.3834262;-0.3060883;3.527798;
0.3435232;-0.3551181;3.340435;0.06556237;-0.3720342;3.533484;-0.111929;-0.411376;3.475502;-0.564559;-0.3679849;3.316646;-0.3831941;-0.3059367;3.527958;
0.3439829;-0.3528615;3.337995;0.132439;-0.3841454;3.509781;-0.1119152;-0.4113667;3.475476;-0.5624436;-0.3698224;3.319369;-0.3832227;-0.3056534;3.527196;
0.3440977;-0.3527513;3.338022;0.1265592;-0.3825788;3.516392;-0.112323;-0.4105219;3.475736;-0.5612956;-0.3690026;3.315912;-0.3820032;-0.3046764;3.52789;
0.3442823;-0.3526019;3.339036;0.1254944;-0.3781824;3.514956;-0.1121927;-0.4106305;3.475824;-0.5611742;-0.3688723;3.315183;-0.3817718;-0.3047767;3.527821;
0.3443857;-0.3527131;3.338981;0.1263114;-0.3482945;3.519577;-0.1121571;-0.4106326;3.475933;-0.5524385;-0.3722145;3.321059;-0.3806692;-0.3051028;3.528396;
0.3435137;-0.353308;3.339248;0.1260365;-0.3474113;3.519698;-0.112153;-0.4106316;3.475934;-0.5528104;-0.3720516;3.321046;-0.3794244;-0.3052549;3.529153;
0.3423012;-0.3536812;3.346528;0.1255217;-0.344543;3.520132;-0.1120232;-0.4106003;3.475937;-0.5529647;-0.3723941;3.320585;-0.3792588;-0.305244;3.528968;
0.3411832;-0.3537552;3.346843;0.125643;-0.3443719;3.520218;-0.1119097;-0.4108089;3.475832;-0.5522876;-0.3724783;3.321216;-0.3787059;-0.3049216;3.529924;
0.3413309;-0.3541802;3.346132;0.1255291;-0.3433748;3.520385;-0.1118861;-0.4106697;3.475877;-0.5585313;-0.3694426;3.307893;-0.378628;-0.3047866;3.529557;
0.3407756;-0.3543255;3.347748;0.1258712;-0.3433638;3.5193;-0.1118906;-0.4106977;3.475942;-0.5585347;-0.3698938;3.308377;-0.3816808;-0.3074926;3.527657;
0.3417222;-0.3549388;3.349134;0.1258997;-0.3430402;3.519368;-0.1118552;-0.4103705;3.475914;-0.5571407;-0.3704706;3.309078;-0.3815169;-0.3072406;3.528027;
0.3301495;-0.3563383;3.355605;0.123269;-0.3409774;3.519973;-0.1117709;-0.4099208;3.476005;-0.5565559;-0.3709548;3.309784;-0.3810806;-0.3074116;3.529037;
0.332047;-0.3555876;3.353417;0.123037;-0.3405619;3.519388;-0.1115402;-0.4099005;3.475861;-0.5542648;-0.3714452;3.311115;-0.378479;-0.3087077;3.526155;
0.3333148;-0.355653;3.350906;0.1231179;-0.3406047;3.519436;-0.1114302;-0.4099855;3.475754;-0.5541337;-0.3712822;3.310891;-0.3780663;-0.3081031;3.527261;
0.3353807;-0.3526451;3.345301;0.1235055;-0.3408283;3.519087;-0.11141;-0.4099481;3.475735;-0.5553501;-0.3695363;3.309304;-0.3780105;-0.3063257;3.52711;
0.3352409;-0.3531343;3.346725;0.1236135;-0.340803;3.518823;-0.1113936;-0.4099348;3.475812;-0.5564944;-0.3710347;3.311051;-0.3783631;-0.3063722;3.527186;
0.3335335;-0.3534396;3.348117;0.1222669;-0.3399531;3.519267;-0.1113885;-0.409908;3.475803;-0.5550321;-0.3714926;3.312093;-0.3783944;-0.306382;3.527204;
0.3312123;-0.3553697;3.352093;0.1050739;-0.3533098;3.522796;-0.1114029;-0.4099163;3.475811;-0.5536791;-0.3735232;3.317668;-0.3783976;-0.3068609;3.527834;
0.3309935;-0.3551754;3.35116;0.1130405;-0.3679236;3.524285;-0.1115295;-0.4094622;3.476083;-0.5528629;-0.3739679;3.318594;-0.3783389;-0.3067636;3.528102;
0.3322873;-0.3554383;3.350798;0.1137303;-0.3710301;3.522165;-0.1117016;-0.4091171;3.475617;-0.5527114;-0.3738069;3.318529;-0.3784201;-0.3061531;3.528817;
0.3329872;-0.3556449;3.350409;0.1150379;-0.353541;3.522341;-0.1118118;-0.4092248;3.475568;-0.5525261;-0.3741812;3.319684;-0.3813565;-0.3081716;3.529721;
0.3337623;-0.3557844;3.350126;0.1159677;-0.3660827;3.523867;-0.1117858;-0.409343;3.475578;-0.5499268;-0.3746185;3.323395;-0.3813401;-0.3074171;3.529618;
0.3341671;-0.3560204;3.349767;0.1170024;-0.34362;3.52163;-0.1117824;-0.4093545;3.475574;-0.5502203;-0.374594;3.323191;-0.3793654;-0.3182854;3.532466;
0.3350512;-0.3564692;3.349706;0.06022635;-0.3654488;3.528286;-0.1114514;-0.4089522;3.475641;-0.5500782;-0.3746644;3.322804;-0.3843359;-0.3308824;3.529325;
0.3361027;-0.3583731;3.348921;0.05984315;-0.3657761;3.524956;-0.1114925;-0.4089063;3.475636;-0.551344;-0.3736163;3.320759;-0.3604296;-0.3390937;3.539312;
0.3362569;-0.3579277;3.346974;0.05992493;-0.3663273;3.524252;-0.1115329;-0.4089403;3.475612;-0.5505959;-0.3730886;3.325455;-0.3634234;-0.3392316;3.540535;
0.336157;-0.3572016;3.345912;0.119963;-0.3761705;3.523912;-0.1114276;-0.4097354;3.475523;-0.551061;-0.3730252;3.325211;-0.3688412;-0.3439417;3.539661;
0.3353642;-0.3555127;3.347928;0.1170582;-0.3776441;3.523891;-0.1114675;-0.409941;3.475301;-0.5513619;-0.3727578;3.326253;-0.3690618;-0.3384245;3.534564;
0.3359683;-0.3555396;3.348258;0.1147582;-0.3748928;3.522301;-0.1116166;-0.4101613;3.475086;-0.5534973;-0.3730803;3.326931;-0.3692515;-0.3383059;3.533042;
0.3389266;-0.3543349;3.347858;0.115435;-0.3754472;3.522659;-0.1115403;-0.4101292;3.475139;-0.5542589;-0.3726013;3.327187;-0.3699749;-0.3422297;3.532727;
0.3400111;-0.354847;3.345795;0.1233335;-0.3566337;3.5198;-0.1116095;-0.4102258;3.475187;-0.5550336;-0.3728;3.325339;-0.3731015;-0.3430966;3.535284;
0.3400517;-0.3549694;3.345859;0.1208523;-0.349858;3.521335;-0.1117962;-0.4108475;3.475092;-0.5552844;-0.3727204;3.32196;-0.3787312;-0.3434997;3.533144;
0.3406102;-0.3558702;3.343368;0.1181943;-0.3453193;3.520541;-0.1121975;-0.4107801;3.474916;-0.5551788;-0.3722223;3.323195;-0.3784059;-0.3441167;3.53326;
0.3399901;-0.3559474;3.344524;0.1129806;-0.3614695;3.521968;-0.1121493;-0.4108751;3.474785;-0.5580447;-0.3708603;3.318649;-0.3855029;-0.3530413;3.514036;
0.3399855;-0.3562903;3.344717;0.05882186;-0.3748001;3.534122;-0.1121378;-0.410912;3.474725;-0.5585632;-0.3706883;3.318125;-0.3854321;-0.3529019;3.514697;
0.3403489;-0.3563562;3.344032;0.121246;-0.3736628;3.512246;-0.112015;-0.4111052;3.474414;-0.5579945;-0.3708952;3.318246;-0.3856409;-0.3506636;3.514805;
0.3408808;-0.3554582;3.342548;0.06604794;-0.3677787;3.519059;-0.1120858;-0.4111778;3.474039;-0.5575594;-0.370551;3.318149;-0.3836704;-0.3458278;3.516875;
0.3412998;-0.355139;3.339967;0.06822317;-0.3675377;3.521014;-0.1120439;-0.4113672;3.473964;-0.5572942;-0.3706066;3.318615;-0.3825701;-0.3464352;3.516272;
0.3368194;-0.3545544;3.340662;0.06468593;-0.3687172;3.522235;-0.1120576;-0.411502;3.473795;-0.5558995;-0.3706452;3.317798;-0.3829514;-0.3463214;3.520191;
